,name,year,battle_number,king,outcome,family,battle_type,major_death,major_capture,size,summer,location,region,note,commander,attacking
0,Battle of the Golden Tooth,298,1,Joffrey/Tommen Baratheon,True,Lannister,pitched battle,True,False,15000,True,Golden Tooth,The Westerlands,,Jaime Lannister,True
1,Battle at the Mummer's Ford,298,2,Joffrey/Tommen Baratheon,True,Lannister,ambush,True,False,,True,Mummer's Ford,The Riverlands,,Gregor Clegane,True
2,Battle of Riverrun,298,3,Joffrey/Tommen Baratheon,True,Lannister,pitched battle,False,True,15000,True,Riverrun,The Riverlands,,Jaime Lannister,True
3,Battle of Riverrun,298,3,Joffrey/Tommen Baratheon,True,Lannister,pitched battle,False,True,15000,True,Riverrun,The Riverlands,,Andros Brax,True
4,Battle of the Green Fork,298,4,Robb Stark,False,Stark,pitched battle,True,True,18000,True,Green Fork,The Riverlands,,Roose Bolton,True
5,Battle of the Green Fork,298,4,Robb Stark,False,Stark,pitched battle,True,True,18000,True,Green Fork,The Riverlands,,Wylis Manderly,True
6,Battle of the Green Fork,298,4,Robb Stark,False,Stark,pitched battle,True,True,18000,True,Green Fork,The Riverlands,,Medger Cerwyn,True
7,Battle of the Green Fork,298,4,Robb Stark,False,Stark,pitched battle,True,True,18000,True,Green Fork,The Riverlands,,Harrion Karstark,True
8,Battle of the Green Fork,298,4,Robb Stark,False,Stark,pitched battle,True,True,18000,True,Green Fork,The Riverlands,,Halys Hornwood,True
9,Battle of the Whispering Wood,298,5,Robb Stark,True,Stark,ambush,True,True,1875,True,Whispering Wood,The Riverlands,,Robb Stark,True
10,Battle of the Whispering Wood,298,5,Robb Stark,True,Stark,ambush,True,True,1875,True,Whispering Wood,The Riverlands,,Brynden Tully,True
11,Battle of the Camps,298,6,Robb Stark,True,Stark,ambush,False,False,6000,True,Riverrun,The Riverlands,,Robb Stark,True
12,Battle of the Camps,298,6,Robb Stark,True,Stark,ambush,False,False,6000,True,Riverrun,The Riverlands,,Tytos Blackwood,True
13,Battle of the Camps,298,6,Robb Stark,True,Stark,ambush,False,False,6000,True,Riverrun,The Riverlands,,Brynden Tully,True
14,Sack of Darry,298,7,Joffrey/Tommen Baratheon,True,Lannister,pitched battle,False,False,,True,Darry,The Riverlands,,Gregor Clegane,True
15,Battle of Moat Cailin,299,8,Balon/Euron Greyjoy,True,Greyjoy,pitched battle,False,False,,True,Moat Cailin,The North,,Victarion Greyjoy,True
16,Battle of Deepwood Motte,299,9,Balon/Euron Greyjoy,True,Greyjoy,siege,False,False,1000,True,Deepwood Motte,The North,,Asha Greyjoy,True
17,Battle of the Stony Shore,299,10,Balon/Euron Greyjoy,True,Greyjoy,ambush,False,False,264,True,Stony Shore,The North,"Greyjoy's troop number based on the Battle of Deepwood Motte, in which Asha had 1000 soldier on 30 longships. That comes out to ~33 per longship. In the Battle of the Stony Shore, Theon has 8 longships, and just we can estimate that he has 8*33 =265 troops.",Theon Greyjoy,True
18,Battle of Torrhen's Square,299,11,Robb Stark,True,Stark,pitched battle,False,False,244,True,Torrhen's Square,The North,Greyjoy's troop number comes from the 264 estimate to have arrived on the stony shore minus the 20 Theon takes to attack Winterfell. Thus 264-20=244,Rodrik Cassel,True
19,Battle of Torrhen's Square,299,11,Robb Stark,True,Stark,pitched battle,False,False,244,True,Torrhen's Square,The North,Greyjoy's troop number comes from the 264 estimate to have arrived on the stony shore minus the 20 Theon takes to attack Winterfell. Thus 264-20=244,Cley Cerwyn,True
20,Battle of Winterfell,299,12,Balon/Euron Greyjoy,True,Greyjoy,ambush,False,True,20,True,Winterfell,The North,"It isn't mentioned how many Stark men are left in Winterfell, other than ""very few"".",Theon Greyjoy,True
21,Sack of Torrhen's Square,299,13,Balon/Euron Greyjoy,True,Greyjoy,siege,False,True,,True,Torrhen's Square,The North,,Dagmer Cleftjaw,True
22,Sack of Winterfell,299,14,Joffrey/Tommen Baratheon,True,Bolton,ambush,True,False,618,True,Winterfell,The North,"Since House Bolton betrays the Starks for House Lannister, we code this battle as between these two houses. Greyjoy men, numbering only 20, don't play a major part in the fighting and end up dying anyway.",Ramsay Snow,True
23,Sack of Winterfell,299,14,Joffrey/Tommen Baratheon,True,Bolton,ambush,True,False,618,True,Winterfell,The North,"Since House Bolton betrays the Starks for House Lannister, we code this battle as between these two houses. Greyjoy men, numbering only 20, don't play a major part in the fighting and end up dying anyway.",Theon Greyjoy,True
24,Battle of Oxcross,299,15,Robb Stark,True,Stark,ambush,True,True,6000,True,Oxcross,The Westerlands,,Robb Stark,True
25,Battle of Oxcross,299,15,Robb Stark,True,Stark,ambush,True,True,6000,True,Oxcross,The Westerlands,,Brynden Tully,True
26,Siege of Storm's End,299,16,Stannis Baratheon,True,Baratheon,siege,True,False,5000,True,Storm's End,The Stormlands,,Stannis Baratheon,True
27,Siege of Storm's End,299,16,Stannis Baratheon,True,Baratheon,siege,True,False,5000,True,Storm's End,The Stormlands,,Davos Seaworth,True
28,Battle of the Fords,299,17,Joffrey/Tommen Baratheon,False,Lannister,pitched battle,False,False,20000,True,Red Fork,The Riverlands,,Tywin Lannister,True
29,Battle of the Fords,299,17,Joffrey/Tommen Baratheon,False,Lannister,pitched battle,False,False,20000,True,Red Fork,The Riverlands,,Flement Brax,True
30,Battle of the Fords,299,17,Joffrey/Tommen Baratheon,False,Lannister,pitched battle,False,False,20000,True,Red Fork,The Riverlands,,Gregor Clegane,True
31,Battle of the Fords,299,17,Joffrey/Tommen Baratheon,False,Lannister,pitched battle,False,False,20000,True,Red Fork,The Riverlands,,Addam Marbrand,True
32,Battle of the Fords,299,17,Joffrey/Tommen Baratheon,False,Lannister,pitched battle,False,False,20000,True,Red Fork,The Riverlands,,Lyle Crakehall,True
33,Battle of the Fords,299,17,Joffrey/Tommen Baratheon,False,Lannister,pitched battle,False,False,20000,True,Red Fork,The Riverlands,,Leo Lefford,True
34,Sack of Harrenhal,299,18,Robb Stark,True,Stark,ambush,True,False,100,True,Harrenhal,The Riverlands,,Roose Bolton,True
35,Sack of Harrenhal,299,18,Robb Stark,True,Stark,ambush,True,False,100,True,Harrenhal,The Riverlands,,Vargo Hoat,True
36,Sack of Harrenhal,299,18,Robb Stark,True,Stark,ambush,True,False,100,True,Harrenhal,The Riverlands,,Robett Glover,True
37,Battle of the Crag,299,19,Robb Stark,True,Stark,ambush,False,False,6000,True,Crag,The Westerlands,,Robb Stark,True
38,Battle of the Crag,299,19,Robb Stark,True,Stark,ambush,False,False,6000,True,Crag,The Westerlands,,Smalljon Umber,True
39,Battle of the Crag,299,19,Robb Stark,True,Stark,ambush,False,False,6000,True,Crag,The Westerlands,,Black Walder Frey,True
40,Battle of the Blackwater,299,20,Stannis Baratheon,False,Baratheon,pitched battle,True,True,21000,True,King's Landing,The Crownlands,,Stannis Baratheon,True
41,Battle of the Blackwater,299,20,Stannis Baratheon,False,Baratheon,pitched battle,True,True,21000,True,King's Landing,The Crownlands,,Imry Florent,True
42,Battle of the Blackwater,299,20,Stannis Baratheon,False,Baratheon,pitched battle,True,True,21000,True,King's Landing,The Crownlands,,Guyard Morrigen,True
43,Battle of the Blackwater,299,20,Stannis Baratheon,False,Baratheon,pitched battle,True,True,21000,True,King's Landing,The Crownlands,,Rolland Storm,True
44,Battle of the Blackwater,299,20,Stannis Baratheon,False,Baratheon,pitched battle,True,True,21000,True,King's Landing,The Crownlands,,Salladhor Saan,True
45,Battle of the Blackwater,299,20,Stannis Baratheon,False,Baratheon,pitched battle,True,True,21000,True,King's Landing,The Crownlands,,Davos Seaworth,True
46,Siege of Darry,299,21,Robb Stark,True,Darry,siege,False,False,,True,Darry,The Riverlands,,Helman Tallhart,True
47,Battle of Duskendale,299,22,Robb Stark,False,Stark,pitched battle,True,False,3000,True,Duskendale,The Crownlands,,Robertt Glover,True
48,Battle of Duskendale,299,22,Robb Stark,False,Stark,pitched battle,True,False,3000,True,Duskendale,The Crownlands,,Helman Tallhart,True
49,Battle of the Burning Septry,299,23,,True,Brotherhood without Banners,pitched battle,False,False,,True,,The Riverlands,,,True
50,Battle of the Ruby Ford,299,24,Joffrey/Tommen Baratheon,True,Lannister,pitched battle,False,False,,,Ruby Ford,The Riverlands,,Gregor Clegane,True
51,Retaking of Harrenhal,299,25,Joffrey/Tommen Baratheon,True,Lannister,pitched battle,True,False,,True,Harrenhal,The Riverlands,,Gregor Clegane,True
52,The Red Wedding,299,26,Joffrey/Tommen Baratheon,True,Frey,ambush,True,True,3500,True,The Twins,The Riverlands,"This observation refers to the battle against the Stark men, not the attack on the wedding",Walder Frey,True
53,The Red Wedding,299,26,Joffrey/Tommen Baratheon,True,Frey,ambush,True,True,3500,True,The Twins,The Riverlands,"This observation refers to the battle against the Stark men, not the attack on the wedding",Roose Bolton,True
54,The Red Wedding,299,26,Joffrey/Tommen Baratheon,True,Frey,ambush,True,True,3500,True,The Twins,The Riverlands,"This observation refers to the battle against the Stark men, not the attack on the wedding",Walder Rivers,True
55,Siege of Seagard,299,27,Robb Stark,True,Frey,siege,False,True,,True,Seagard,The Riverlands,,Walder Frey,True
56,Battle of Castle Black,300,28,Stannis Baratheon,False,Free folk,siege,True,True,100000,False,Castle Black,Beyond the Wall,,Mance Rayder,True
57,Battle of Castle Black,300,28,Stannis Baratheon,False,Free folk,siege,True,True,100000,False,Castle Black,Beyond the Wall,,Tormund Giantsbane,True
58,Battle of Castle Black,300,28,Stannis Baratheon,False,Free folk,siege,True,True,100000,False,Castle Black,Beyond the Wall,,Harma Dogshead,True
59,Battle of Castle Black,300,28,Stannis Baratheon,False,Free folk,siege,True,True,100000,False,Castle Black,Beyond the Wall,,Magnar Styr,True
60,Battle of Castle Black,300,28,Stannis Baratheon,False,Free folk,siege,True,True,100000,False,Castle Black,Beyond the Wall,,Varamyr,True
61,Fall of Moat Cailin,300,29,Joffrey/Tommen Baratheon,True,Bolton,siege,False,False,,False,Moat Cailin,The North,,Ramsey Bolton,True
62,Sack of Saltpans,300,30,,True,Brave Companions,razing,False,False,,False,Saltpans,The Riverlands,,Rorge,True
63,Retaking of Deepwood Motte,300,31,Stannis Baratheon,True,Baratheon,pitched battle,False,False,4500,False,Deepwood Motte,The North,,Stannis Baratheon,True
64,Retaking of Deepwood Motte,300,31,Stannis Baratheon,True,Baratheon,pitched battle,False,False,4500,False,Deepwood Motte,The North,,Alysane Mormot,True
65,Battle of the Shield Islands,300,32,Balon/Euron Greyjoy,True,Greyjoy,pitched battle,False,False,,False,Shield Islands,The Reach,,Euron Greyjoy,True
66,Battle of the Shield Islands,300,32,Balon/Euron Greyjoy,True,Greyjoy,pitched battle,False,False,,False,Shield Islands,The Reach,,Victarion Greyjoy,True
67,"Invasion of Ryamsport, Vinetown, and Starfish Harbor",300,33,Balon/Euron Greyjoy,True,Greyjoy,razing,False,False,,False,"Ryamsport, Vinetown, Starfish Harbor",The Reach,,Euron Greyjoy,True
68,"Invasion of Ryamsport, Vinetown, and Starfish Harbor",300,33,Balon/Euron Greyjoy,True,Greyjoy,razing,False,False,,False,"Ryamsport, Vinetown, Starfish Harbor",The Reach,,Victarion Greyjoy,True
69,Second Seige of Storm's End,300,34,Joffrey/Tommen Baratheon,True,Baratheon,siege,False,False,,False,Storm's End,The Stormlands,,Mace Tyrell,True
70,Second Seige of Storm's End,300,34,Joffrey/Tommen Baratheon,True,Baratheon,siege,False,False,,False,Storm's End,The Stormlands,,Mathis Rowan,True
71,Siege of Dragonstone,300,35,Joffrey/Tommen Baratheon,True,Baratheon,siege,False,False,2000,False,Dragonstone,The Stormlands,,Loras Tyrell,True
72,Siege of Dragonstone,300,35,Joffrey/Tommen Baratheon,True,Baratheon,siege,False,False,2000,False,Dragonstone,The Stormlands,,Raxter Redwyne,True
73,Siege of Riverrun,300,36,Joffrey/Tommen Baratheon,True,Lannister,siege,False,False,3000,False,Riverrun,The Riverlands,,Daven Lannister,True
74,Siege of Riverrun,300,36,Joffrey/Tommen Baratheon,True,Lannister,siege,False,False,3000,False,Riverrun,The Riverlands,,Ryman Fey,True
75,Siege of Riverrun,300,36,Joffrey/Tommen Baratheon,True,Lannister,siege,False,False,3000,False,Riverrun,The Riverlands,,Jaime Lannister,True
76,Siege of Raventree,300,37,Joffrey/Tommen Baratheon,True,Bracken,siege,False,True,1500,False,Raventree,The Riverlands,,Jonos Bracken,True
77,Siege of Raventree,300,37,Joffrey/Tommen Baratheon,True,Bracken,siege,False,True,1500,False,Raventree,The Riverlands,,Jaime Lannister,True
78,Siege of Winterfell,300,38,Stannis Baratheon,,Baratheon,,,,5000,False,Winterfell,The North,,Stannis Baratheon,True
79,Battle of the Whispering Wood,298,5,Robb Stark,True,Tully,ambush,True,True,1875,True,Whispering Wood,The Riverlands,,Robb Stark,True
80,Battle of the Whispering Wood,298,5,Robb Stark,True,Tully,ambush,True,True,1875,True,Whispering Wood,The Riverlands,,Brynden Tully,True
81,Battle of the Camps,298,6,Robb Stark,True,Tully,ambush,False,False,6000,True,Riverrun,The Riverlands,,Robb Stark,True
82,Battle of the Camps,298,6,Robb Stark,True,Tully,ambush,False,False,6000,True,Riverrun,The Riverlands,,Tytos Blackwood,True
83,Battle of the Camps,298,6,Robb Stark,True,Tully,ambush,False,False,6000,True,Riverrun,The Riverlands,,Brynden Tully,True
84,Sack of Winterfell,299,14,Joffrey/Tommen Baratheon,True,Greyjoy,ambush,True,False,618,True,Winterfell,The North,"Since House Bolton betrays the Starks for House Lannister, we code this battle as between these two houses. Greyjoy men, numbering only 20, don't play a major part in the fighting and end up dying anyway.",Ramsay Snow,True
85,Sack of Winterfell,299,14,Joffrey/Tommen Baratheon,True,Greyjoy,ambush,True,False,618,True,Winterfell,The North,"Since House Bolton betrays the Starks for House Lannister, we code this battle as between these two houses. Greyjoy men, numbering only 20, don't play a major part in the fighting and end up dying anyway.",Theon Greyjoy,True
86,Battle of Oxcross,299,15,Robb Stark,True,Tully,ambush,True,True,6000,True,Oxcross,The Westerlands,,Robb Stark,True
87,Battle of Oxcross,299,15,Robb Stark,True,Tully,ambush,True,True,6000,True,Oxcross,The Westerlands,,Brynden Tully,True
88,The Red Wedding,299,26,Joffrey/Tommen Baratheon,True,Bolton,ambush,True,True,3500,True,The Twins,The Riverlands,"This observation refers to the battle against the Stark men, not the attack on the wedding",Walder Frey,True
89,The Red Wedding,299,26,Joffrey/Tommen Baratheon,True,Bolton,ambush,True,True,3500,True,The Twins,The Riverlands,"This observation refers to the battle against the Stark men, not the attack on the wedding",Roose Bolton,True
90,The Red Wedding,299,26,Joffrey/Tommen Baratheon,True,Bolton,ambush,True,True,3500,True,The Twins,The Riverlands,"This observation refers to the battle against the Stark men, not the attack on the wedding",Walder Rivers,True
91,Battle of Castle Black,300,28,Stannis Baratheon,False,Thenns,siege,True,True,100000,False,Castle Black,Beyond the Wall,,Mance Rayder,True
92,Battle of Castle Black,300,28,Stannis Baratheon,False,Thenns,siege,True,True,100000,False,Castle Black,Beyond the Wall,,Tormund Giantsbane,True
93,Battle of Castle Black,300,28,Stannis Baratheon,False,Thenns,siege,True,True,100000,False,Castle Black,Beyond the Wall,,Harma Dogshead,True
94,Battle of Castle Black,300,28,Stannis Baratheon,False,Thenns,siege,True,True,100000,False,Castle Black,Beyond the Wall,,Magnar Styr,True
95,Battle of Castle Black,300,28,Stannis Baratheon,False,Thenns,siege,True,True,100000,False,Castle Black,Beyond the Wall,,Varamyr,True
96,Retaking of Deepwood Motte,300,31,Stannis Baratheon,True,Karstark,pitched battle,False,False,4500,False,Deepwood Motte,The North,,Stannis Baratheon,True
97,Retaking of Deepwood Motte,300,31,Stannis Baratheon,True,Karstark,pitched battle,False,False,4500,False,Deepwood Motte,The North,,Alysane Mormot,True
98,Siege of Riverrun,300,36,Joffrey/Tommen Baratheon,True,Frey,siege,False,False,3000,False,Riverrun,The Riverlands,,Daven Lannister,True
99,Siege of Riverrun,300,36,Joffrey/Tommen Baratheon,True,Frey,siege,False,False,3000,False,Riverrun,The Riverlands,,Ryman Fey,True
100,Siege of Riverrun,300,36,Joffrey/Tommen Baratheon,True,Frey,siege,False,False,3000,False,Riverrun,The Riverlands,,Jaime Lannister,True
101,Siege of Raventree,300,37,Joffrey/Tommen Baratheon,True,Lannister,siege,False,True,1500,False,Raventree,The Riverlands,,Jonos Bracken,True
102,Siege of Raventree,300,37,Joffrey/Tommen Baratheon,True,Lannister,siege,False,True,1500,False,Raventree,The Riverlands,,Jaime Lannister,True
103,Siege of Winterfell,300,38,Stannis Baratheon,,Karstark,,,,5000,False,Winterfell,The North,,Stannis Baratheon,True
104,Battle of Castle Black,300,28,Stannis Baratheon,False,Giants,siege,True,True,100000,False,Castle Black,Beyond the Wall,,Mance Rayder,True
105,Battle of Castle Black,300,28,Stannis Baratheon,False,Giants,siege,True,True,100000,False,Castle Black,Beyond the Wall,,Tormund Giantsbane,True
106,Battle of Castle Black,300,28,Stannis Baratheon,False,Giants,siege,True,True,100000,False,Castle Black,Beyond the Wall,,Harma Dogshead,True
107,Battle of Castle Black,300,28,Stannis Baratheon,False,Giants,siege,True,True,100000,False,Castle Black,Beyond the Wall,,Magnar Styr,True
108,Battle of Castle Black,300,28,Stannis Baratheon,False,Giants,siege,True,True,100000,False,Castle Black,Beyond the Wall,,Varamyr,True
109,Retaking of Deepwood Motte,300,31,Stannis Baratheon,True,Mormont,pitched battle,False,False,4500,False,Deepwood Motte,The North,,Stannis Baratheon,True
110,Retaking of Deepwood Motte,300,31,Stannis Baratheon,True,Mormont,pitched battle,False,False,4500,False,Deepwood Motte,The North,,Alysane Mormot,True
111,Siege of Winterfell,300,38,Stannis Baratheon,,Mormont,,,,5000,False,Winterfell,The North,,Stannis Baratheon,True
112,Retaking of Deepwood Motte,300,31,Stannis Baratheon,True,Glover,pitched battle,False,False,4500,False,Deepwood Motte,The North,,Stannis Baratheon,True
113,Retaking of Deepwood Motte,300,31,Stannis Baratheon,True,Glover,pitched battle,False,False,4500,False,Deepwood Motte,The North,,Alysane Mormot,True
114,Siege of Winterfell,300,38,Stannis Baratheon,,Glover,,,,5000,False,Winterfell,The North,,Stannis Baratheon,True
115,Battle of the Golden Tooth,298,1,Robb Stark,False,Tully,pitched battle,True,False,4000,True,Golden Tooth,The Westerlands,,Clement Piper,False
116,Battle of the Golden Tooth,298,1,Robb Stark,False,Tully,pitched battle,True,False,4000,True,Golden Tooth,The Westerlands,,Vance,False
117,Battle at the Mummer's Ford,298,2,Robb Stark,False,Baratheon,ambush,True,False,120,True,Mummer's Ford,The Riverlands,,Beric Dondarrion,False
118,Battle of Riverrun,298,3,Robb Stark,False,Tully,pitched battle,False,True,10000,True,Riverrun,The Riverlands,,Edmure Tully,False
119,Battle of Riverrun,298,3,Robb Stark,False,Tully,pitched battle,False,True,10000,True,Riverrun,The Riverlands,,Tytos Blackwood,False
120,Battle of the Green Fork,298,4,Joffrey/Tommen Baratheon,True,Lannister,pitched battle,True,True,20000,True,Green Fork,The Riverlands,,Tywin Lannister,False
121,Battle of the Green Fork,298,4,Joffrey/Tommen Baratheon,True,Lannister,pitched battle,True,True,20000,True,Green Fork,The Riverlands,,Gregor Clegane,False
122,Battle of the Green Fork,298,4,Joffrey/Tommen Baratheon,True,Lannister,pitched battle,True,True,20000,True,Green Fork,The Riverlands,,Kevan Lannister,False
123,Battle of the Green Fork,298,4,Joffrey/Tommen Baratheon,True,Lannister,pitched battle,True,True,20000,True,Green Fork,The Riverlands,,Addam Marbrand,False
124,Battle of the Whispering Wood,298,5,Joffrey/Tommen Baratheon,False,Lannister,ambush,True,True,6000,True,Whispering Wood,The Riverlands,,Jaime Lannister,False
125,Battle of the Camps,298,6,Joffrey/Tommen Baratheon,False,Lannister,ambush,False,False,12625,True,Riverrun,The Riverlands,,Lord Andros Brax,False
126,Battle of the Camps,298,6,Joffrey/Tommen Baratheon,False,Lannister,ambush,False,False,12625,True,Riverrun,The Riverlands,,Forley Prester,False
127,Sack of Darry,298,7,Robb Stark,False,Darry,pitched battle,False,False,,True,Darry,The Riverlands,,Lyman Darry,False
128,Battle of Moat Cailin,299,8,Robb Stark,False,Stark,pitched battle,False,False,,True,Moat Cailin,The North,,,False
129,Battle of Deepwood Motte,299,9,Robb Stark,False,Stark,siege,False,False,,True,Deepwood Motte,The North,,,False
130,Battle of the Stony Shore,299,10,Robb Stark,False,Stark,ambush,False,False,,True,Stony Shore,The North,"Greyjoy's troop number based on the Battle of Deepwood Motte, in which Asha had 1000 soldier on 30 longships. That comes out to ~33 per longship. In the Battle of the Stony Shore, Theon has 8 longships, and just we can estimate that he has 8*33 =265 troops.",,False
131,Battle of Torrhen's Square,299,11,Balon/Euron Greyjoy,False,Greyjoy,pitched battle,False,False,900,True,Torrhen's Square,The North,Greyjoy's troop number comes from the 264 estimate to have arrived on the stony shore minus the 20 Theon takes to attack Winterfell. Thus 264-20=244,Dagmer Cleftjaw,False
132,Battle of Winterfell,299,12,Robb Stark,False,Stark,ambush,False,True,,True,Winterfell,The North,"It isn't mentioned how many Stark men are left in Winterfell, other than ""very few"".",Bran Stark,False
133,Sack of Torrhen's Square,299,13,Balon/Euron Greyjoy,False,Stark,siege,False,True,,True,Torrhen's Square,The North,,,False
134,Sack of Winterfell,299,14,Robb Stark,False,Stark,ambush,True,False,2000,True,Winterfell,The North,"Since House Bolton betrays the Starks for House Lannister, we code this battle as between these two houses. Greyjoy men, numbering only 20, don't play a major part in the fighting and end up dying anyway.",Rodrik Cassel,False
135,Sack of Winterfell,299,14,Robb Stark,False,Stark,ambush,True,False,2000,True,Winterfell,The North,"Since House Bolton betrays the Starks for House Lannister, we code this battle as between these two houses. Greyjoy men, numbering only 20, don't play a major part in the fighting and end up dying anyway.",Cley Cerwyn,False
136,Sack of Winterfell,299,14,Robb Stark,False,Stark,ambush,True,False,2000,True,Winterfell,The North,"Since House Bolton betrays the Starks for House Lannister, we code this battle as between these two houses. Greyjoy men, numbering only 20, don't play a major part in the fighting and end up dying anyway.",Leobald Tallhart,False
137,Battle of Oxcross,299,15,Joffrey/Tommen Baratheon,False,Lannister,ambush,True,True,10000,True,Oxcross,The Westerlands,,Stafford Lannister,False
138,Battle of Oxcross,299,15,Joffrey/Tommen Baratheon,False,Lannister,ambush,True,True,10000,True,Oxcross,The Westerlands,,Roland Crakehall,False
139,Battle of Oxcross,299,15,Joffrey/Tommen Baratheon,False,Lannister,ambush,True,True,10000,True,Oxcross,The Westerlands,,Antario Jast,False
140,Siege of Storm's End,299,16,Renly Baratheon,False,Baratheon,siege,True,False,20000,True,Storm's End,The Stormlands,,Renly Baratheon,False
141,Siege of Storm's End,299,16,Renly Baratheon,False,Baratheon,siege,True,False,20000,True,Storm's End,The Stormlands,,Cortnay Penrose,False
142,Siege of Storm's End,299,16,Renly Baratheon,False,Baratheon,siege,True,False,20000,True,Storm's End,The Stormlands,,Loras Tyrell,False
143,Siege of Storm's End,299,16,Renly Baratheon,False,Baratheon,siege,True,False,20000,True,Storm's End,The Stormlands,,Randyll Tarly,False
144,Siege of Storm's End,299,16,Renly Baratheon,False,Baratheon,siege,True,False,20000,True,Storm's End,The Stormlands,,Mathis Rowan,False
145,Battle of the Fords,299,17,Robb Stark,True,Tully,pitched battle,False,False,10000,True,Red Fork,The Riverlands,,Edmure Tully,False
146,Battle of the Fords,299,17,Robb Stark,True,Tully,pitched battle,False,False,10000,True,Red Fork,The Riverlands,,Jason Mallister,False
147,Battle of the Fords,299,17,Robb Stark,True,Tully,pitched battle,False,False,10000,True,Red Fork,The Riverlands,,Karyl Vance,False
148,Sack of Harrenhal,299,18,Joffrey/Tommen Baratheon,False,Lannister,ambush,True,False,100,True,Harrenhal,The Riverlands,,Amory Lorch,False
149,Battle of the Crag,299,19,Joffrey/Tommen Baratheon,False,Lannister,ambush,False,False,,True,Crag,The Westerlands,,Rolph Spicer,False
150,Battle of the Blackwater,299,20,Joffrey/Tommen Baratheon,True,Lannister,pitched battle,True,True,7250,True,King's Landing,The Crownlands,,Tyrion Lannister,False
151,Battle of the Blackwater,299,20,Joffrey/Tommen Baratheon,True,Lannister,pitched battle,True,True,7250,True,King's Landing,The Crownlands,,Jacelyn Bywater,False
152,Battle of the Blackwater,299,20,Joffrey/Tommen Baratheon,True,Lannister,pitched battle,True,True,7250,True,King's Landing,The Crownlands,,Sandor Clegane,False
153,Battle of the Blackwater,299,20,Joffrey/Tommen Baratheon,True,Lannister,pitched battle,True,True,7250,True,King's Landing,The Crownlands,,Tywin Lannister,False
154,Battle of the Blackwater,299,20,Joffrey/Tommen Baratheon,True,Lannister,pitched battle,True,True,7250,True,King's Landing,The Crownlands,,Garlan Tyrell,False
155,Battle of the Blackwater,299,20,Joffrey/Tommen Baratheon,True,Lannister,pitched battle,True,True,7250,True,King's Landing,The Crownlands,,Mace Tyrell,False
156,Battle of the Blackwater,299,20,Joffrey/Tommen Baratheon,True,Lannister,pitched battle,True,True,7250,True,King's Landing,The Crownlands,,Randyll Tarly,False
157,Siege of Darry,299,21,Joffrey/Tommen Baratheon,False,Lannister,siege,False,False,,True,Darry,The Riverlands,,,False
158,Battle of Duskendale,299,22,Joffrey/Tommen Baratheon,True,Lannister,pitched battle,True,False,,True,Duskendale,The Crownlands,,Randyll Tarly,False
159,Battle of Duskendale,299,22,Joffrey/Tommen Baratheon,True,Lannister,pitched battle,True,False,,True,Duskendale,The Crownlands,,Gregor Clegane,False
160,Battle of the Burning Septry,299,23,,False,Brave Companions,pitched battle,False,False,,True,,The Riverlands,,,False
161,Battle of the Ruby Ford,299,24,Robb Stark,False,Stark,pitched battle,False,False,6000,,Ruby Ford,The Riverlands,,Roose Bolton,False
162,Battle of the Ruby Ford,299,24,Robb Stark,False,Stark,pitched battle,False,False,6000,,Ruby Ford,The Riverlands,,Wylis Manderly,False
163,Retaking of Harrenhal,299,25,,False,Brave Companions,pitched battle,True,False,,True,Harrenhal,The Riverlands,,Vargo Hoat,False
164,The Red Wedding,299,26,Robb Stark,False,Stark,ambush,True,True,3500,True,The Twins,The Riverlands,"This observation refers to the battle against the Stark men, not the attack on the wedding",Robb Stark,False
165,Siege of Seagard,299,27,Joffrey/Tommen Baratheon,False,Mallister,siege,False,True,,True,Seagard,The Riverlands,,Jason Mallister,False
166,Battle of Castle Black,300,28,Mance Rayder,True,Night's Watch,siege,True,True,1240,False,Castle Black,Beyond the Wall,,Stannis Baratheon,False
167,Battle of Castle Black,300,28,Mance Rayder,True,Night's Watch,siege,True,True,1240,False,Castle Black,Beyond the Wall,,Jon Snow,False
168,Battle of Castle Black,300,28,Mance Rayder,True,Night's Watch,siege,True,True,1240,False,Castle Black,Beyond the Wall,,Donal Noye,False
169,Battle of Castle Black,300,28,Mance Rayder,True,Night's Watch,siege,True,True,1240,False,Castle Black,Beyond the Wall,,Cotter Pyke,False
170,Fall of Moat Cailin,300,29,Balon/Euron Greyjoy,False,Greyjoy,siege,False,False,,False,Moat Cailin,The North,,,False
171,Retaking of Deepwood Motte,300,31,Balon/Euron Greyjoy,False,Greyjoy,pitched battle,False,False,200,False,Deepwood Motte,The North,,Asha Greyjoy,False
172,Battle of the Shield Islands,300,32,Joffrey/Tommen Baratheon,False,Tyrell,pitched battle,False,False,,False,Shield Islands,The Reach,,,False
173,"Invasion of Ryamsport, Vinetown, and Starfish Harbor",300,33,Joffrey/Tommen Baratheon,False,Tyrell,razing,False,False,,False,"Ryamsport, Vinetown, Starfish Harbor",The Reach,,,False
174,Second Seige of Storm's End,300,34,Stannis Baratheon,False,Baratheon,siege,False,False,200,False,Storm's End,The Stormlands,,Gilbert Farring,False
175,Siege of Dragonstone,300,35,Stannis Baratheon,False,Baratheon,siege,False,False,,False,Dragonstone,The Stormlands,,Rolland Storm,False
176,Siege of Riverrun,300,36,Robb Stark,False,Tully,siege,False,False,,False,Riverrun,The Riverlands,,Brynden Tully,False
177,Siege of Raventree,300,37,Robb Stark,False,Blackwood,siege,False,True,,False,Raventree,The Riverlands,,Tytos Blackwood,False
178,Siege of Winterfell,300,38,Joffrey/Tommen Baratheon,,Bolton,,,,8000,False,Winterfell,The North,,Roose Bolton,False
179,Battle of Castle Black,300,28,Mance Rayder,True,Baratheon,siege,True,True,1240,False,Castle Black,Beyond the Wall,,Stannis Baratheon,False
180,Battle of Castle Black,300,28,Mance Rayder,True,Baratheon,siege,True,True,1240,False,Castle Black,Beyond the Wall,,Jon Snow,False
181,Battle of Castle Black,300,28,Mance Rayder,True,Baratheon,siege,True,True,1240,False,Castle Black,Beyond the Wall,,Donal Noye,False
182,Battle of Castle Black,300,28,Mance Rayder,True,Baratheon,siege,True,True,1240,False,Castle Black,Beyond the Wall,,Cotter Pyke,False
183,Siege of Winterfell,300,38,Joffrey/Tommen Baratheon,,Frey,,,,8000,False,Winterfell,The North,,Roose Bolton,False
