,Unnamed: 0,LoanNumber,DateApproved,SBAOfficeCode,ProcessingMethod,BorrowerName,BorrowerAddress,BorrowerCity,BorrowerState,BorrowerZip,LoanStatusDate,LoanStatus,Term,SBAGuarantyPercentage,InitialApprovalAmount,CurrentApprovalAmount,UndisbursedAmount,FranchiseName,ServicingLenderLocationID,ServicingLenderName,ServicingLenderAddress,ServicingLenderCity,ServicingLenderState,ServicingLenderZip,RuralUrbanIndicator,HubzoneIndicator,LMIIndicator,BusinessAgeDescription,ProjectCity,ProjectCountyName,ProjectState,ProjectZip,CD,JobsReported,NAICSCode,Race,Ethnicity,UTILITIES_PROCEED,PAYROLL_PROCEED,MORTGAGE_INTEREST_PROCEED,RENT_PROCEED,REFINANCE_EIDL_PROCEED,HEALTH_CARE_PROCEED,DEBT_INTEREST_PROCEED,BusinessType,OriginatingLenderLocationID,OriginatingLender,OriginatingLenderCity,OriginatingLenderState,Gender,Veteran,NonProfit,ForgivenessAmount,ForgivenessDate
0,0,9547507704,05/01/2020,464,PPP,"SUMTER COATINGS, INC.",2410 Highway 15 South,Sumter,,29150-9662,12/18/2020,Paid in Full,24,100,769358.78,769358.78,0.0,,19248,Synovus Bank,1148 Broadway,COLUMBUS,GA,31901-2429,U,N,N,Existing or more than 2 years old,Sumter,SUMTER,SC,29150-9662,SC-05,62.0,325510.0,Unanswered,Unknown/NotStated,,769358.78,,,,,,Corporation,19248,Synovus Bank,COLUMBUS,GA,Unanswered,Unanswered,,773553.37,11/20/2020
1,1,9777677704,05/01/2020,464,PPP,"PLEASANT PLACES, INC.",7684 Southrail Road,North Charleston,,29420-9000,09/28/2021,Paid in Full,24,100,736927.79,736927.79,0.0,,19248,Synovus Bank,1148 Broadway,COLUMBUS,GA,31901-2429,U,Y,Y,Existing or more than 2 years old,North Charleston,CHARLESTON,SC,29420-9000,SC-06,73.0,561730.0,White,Unknown/NotStated,,736927.79,,,,,,Sole Proprietorship,19248,Synovus Bank,COLUMBUS,GA,Male Owned,Non-Veteran,,746336.24,08/12/2021
2,2,5791407702,05/01/2020,1013,PPP,BOYER CHILDREN'S CLINIC,1850 BOYER AVE E,SEATTLE,,98112-2922,03/17/2021,Paid in Full,24,100,691355.0,691355.0,0.0,,9551,"Bank of America, National Association","100 N Tryon St, Ste 170",CHARLOTTE,NC,28202-4024,U,N,N,New Business or 2 years or less,SEATTLE,KING,WA,98112-2922,WA-07,75.0,,Unanswered,Unknown/NotStated,,691355.0,,,,,,Non-Profit Organization,9551,"Bank of America, National Association",CHARLOTTE,NC,Unanswered,Unanswered,Y,696677.49,02/10/2021
3,3,6223567700,05/01/2020,920,PPP,KIRTLEY CONSTRUCTION INC,1661 MARTIN RANCH RD,SAN BERNARDINO,,92407-1740,10/16/2021,Paid in Full,24,100,499871.0,499871.0,0.0,,9551,"Bank of America, National Association","100 N Tryon St, Ste 170",CHARLOTTE,NC,28202-4024,U,N,N,New Business or 2 years or less,SAN BERNARDINO,SAN BERNARDINO,CA,92407-1740,CA-23,21.0,236115.0,American Indian or Alaska Native,Not Hispanic or Latino,,499871.0,,,,,,Corporation,9551,"Bank of America, National Association",CHARLOTTE,NC,Male Owned,Non-Veteran,,395264.11,09/10/2021
4,4,9662437702,05/01/2020,101,PPP,AERO BOX LLC,,,,,08/17/2021,Paid in Full,24,100,367437.0,367437.0,0.0,,57328,The Huntington National Bank,17 S High St.,COLUMBUS,OH,43215-3413,U,N,N,Unanswered,,,,,,25.0,484210.0,Unanswered,Unknown/NotStated,,367437.0,,,,,,,57328,The Huntington National Bank,COLUMBUS,OH,Unanswered,Unanswered,,370819.35,04/08/2021
5,5,9774337701,05/01/2020,101,PPP,HUDSON EXTRUSIONS INC.,,,,,11/17/2021,Paid in Full,24,100,328840.0,328840.0,0.0,,57328,The Huntington National Bank,17 S High St.,COLUMBUS,OH,43215-3413,U,N,N,Unanswered,,,,,,22.0,326199.0,Unanswered,Unknown/NotStated,,328840.0,,,,,,,57328,The Huntington National Bank,COLUMBUS,OH,Unanswered,Unanswered,,332137.41,05/10/2021
6,6,9794577700,05/01/2020,491,PPP,FRUIT COVE BAPTIST CHURCH OF JACKSONVILLE FL INC,501 State Road 13,Saint Johns,,32259-2832,02/19/2021,Paid in Full,24,100,289765.0,289765.0,0.0,,19248,Synovus Bank,1148 Broadway,COLUMBUS,GA,31901-2429,U,N,N,Existing or more than 2 years old,Saint Johns,SAINT JOHNS,FL,32259-2832,FL-05,89.0,813110.0,Unanswered,Unknown/NotStated,,289765.0,,,,,,Non-Profit Organization,19248,Synovus Bank,COLUMBUS,GA,Unanswered,Unanswered,Y,291741.75,01/07/2021
7,7,9722187702,05/01/2020,101,PPP,MIAMITOWN AUTO PARTS AND RECYCLING INC,,,,,02/24/2021,Paid in Full,24,100,272380.0,272380.0,0.0,,57328,The Huntington National Bank,17 S High St.,COLUMBUS,OH,43215-3413,U,N,N,Unanswered,,,,,,19.0,423140.0,Unanswered,Unknown/NotStated,,272380.0,,,,,,Corporation,57328,The Huntington National Bank,COLUMBUS,OH,Unanswered,Unanswered,,269416.44,01/25/2021
8,8,9725917702,05/01/2020,101,PPP,POPPYCOCKS INC,,,,,08/17/2021,Paid in Full,24,100,257088.0,257088.0,0.0,,57328,The Huntington National Bank,17 S High St.,COLUMBUS,OH,43215-3413,U,N,N,Unanswered,,,,,,18.0,444220.0,Unanswered,Unknown/NotStated,,257088.0,,,,,,Subchapter S Corporation,57328,The Huntington National Bank,COLUMBUS,OH,Unanswered,Unanswered,,259982.88,06/24/2021
9,9,9666867710,05/01/2020,101,PPP,CHURCH SQUARE PHARMACY INC,,,,,04/21/2021,Paid in Full,24,100,250000.0,250000.0,0.0,,57328,The Huntington National Bank,17 S High St.,COLUMBUS,OH,43215-3413,U,N,N,Unanswered,,,,,,17.0,424210.0,Unanswered,Unknown/NotStated,,250000.0,,,,,,Corporation,57328,The Huntington National Bank,COLUMBUS,OH,Unanswered,Unanswered,,252253.42,03/31/2021
10,10,9662697710,05/01/2020,101,PPP,"MILFAST INDUSTRIAL SUPPLY, INC",,,,,11/17/2021,Paid in Full,24,100,174046.0,174046.0,0.0,,57328,The Huntington National Bank,17 S High St.,COLUMBUS,OH,43215-3413,U,N,N,Existing or more than 2 years old,,,,,,18.0,423840.0,Unanswered,Unknown/NotStated,,174046.0,,,,,,,57328,The Huntington National Bank,COLUMBUS,OH,Female Owned,Non-Veteran,,175643.41,04/06/2021
11,11,9724667708,05/01/2020,101,PPP,FERNANDINA BEACH HOTEL GROUP LLC,,,,,08/17/2021,Paid in Full,24,100,170170.0,170170.0,0.0,,57328,The Huntington National Bank,17 S High St.,COLUMBUS,OH,43215-3413,U,N,N,Unanswered,,,,,,12.0,721110.0,Unanswered,Unknown/NotStated,,170170.0,,,,,,Limited  Liability Company(LLC),57328,The Huntington National Bank,COLUMBUS,OH,Unanswered,Unanswered,,172263.32,07/29/2021
12,12,9672967701,05/01/2020,101,PPP,OTTAWA PRODUCTS CO INC,,,,,11/17/2021,Paid in Full,24,100,155010.0,155010.0,0.0,,57328,The Huntington National Bank,17 S High St.,COLUMBUS,OH,43215-3413,U,N,N,Unanswered,,,,,,11.0,332510.0,Unanswered,Unknown/NotStated,,155010.0,,,,,,Corporation,57328,The Huntington National Bank,COLUMBUS,OH,Unanswered,Unanswered,,156504.89,04/23/2021
13,13,5502308207,08/08/2020,1084,PPP,"KAKIVIK ASSET MANAGEMENT, LLC",5015 BUSINESS PARK BLVD,ANCHORAGE,AK,99503-7146,07/22/2021,Paid in Full,60,100,9571397.0,9538531.0,0.0,,116975,Northrim Bank,3111 'C' St,ANCHORAGE,AK,99503,U,Y,Y,Existing or more than 2 years old,ANCHORAGE,ANCHORAGE,AK,99503-7146,AK-,385.0,541990.0,Unanswered,Unknown/NotStated,,9538531.0,,,,,,Limited  Liability Company(LLC),116975,Northrim Bank,ANCHORAGE,AK,Unanswered,Unanswered,,9615884.57,06/11/2021
14,14,6110847106,04/14/2020,1084,PPP,"ARCTIC SLOPE NATIVE ASSOCIATION, LTD.",7000 Uula St,BARROW,AK,99723,08/21/2021,Paid in Full,24,100,7666768.0,7666768.0,0.0,,89628,"National Cooperative Bank, National Association",139 S High St,HILLSBORO,OH,45133-1442,R,N,N,Existing or more than 2 years old,BARROW,NORTH SLOPE,AK,99723-0001,AK-,295.0,813920.0,Unanswered,Unknown/NotStated,,7666768.0,,,,,,Non-Profit Organization,89628,"National Cooperative Bank, National Association",HILLSBORO,OH,Unanswered,Unanswered,Y,7761324.81,07/13/2021
15,15,4539098204,08/06/2020,1084,PPP,CORVUS AIRLINES INC,4700 Old International Airport Rd,Anchorage,AK,99502-1130,,Exemption 4,60,100,7398947.89,7398947.89,0.0,,436276,Idaho First Bank,475 E Deinhard Ln,MCCALL,ID,83638-4800,U,N,N,Existing or more than 2 years old,Anchorage,ANCHORAGE,AK,99502-1130,AK-,500.0,481111.0,Unanswered,Unknown/NotStated,,7398947.89,,,,,,Corporation,436276,Idaho First Bank,MCCALL,ID,Unanswered,Unanswered,,4891430.37,06/22/2022
16,16,5120868804,04/17/2021,1084,PPP,HOPE COMMUNITY RESOURCES INC.,540 W Intl Airport Rd,Anchorage,AK,99518-1105,10/06/2022,Paid in Full,60,100,7223025.0,7223025.0,0.0,,3386,First National Bank Alaska,101 W 36th Ave,ANCHORAGE,AK,99503-5904,U,N,N,Existing or more than 2 years old,Anchorage,ANCHORAGE,AK,99518-1105,AK-,500.0,624120.0,Unanswered,Unknown/NotStated,,7223025.0,,,,,,501(c)3 â€“ Non Profit,3386,First National Bank Alaska,ANCHORAGE,AK,Unanswered,Unanswered,Y,7321970.55,09/13/2022
17,17,6650277102,04/14/2020,1084,PPP,SOUTH PENINSULA HOSPITAL INC,4300 BARTLETT STREET,HOMER,AK,99603,06/09/2021,Paid in Full,24,100,6528631.4,6528631.4,0.0,,3386,First National Bank Alaska,101 W 36th Ave,ANCHORAGE,AK,99503-5904,R,Y,N,Existing or more than 2 years old,HOMER,KENAI PENINSULA,AK,99603-0001,AK-,439.0,622110.0,Unanswered,Unknown/NotStated,,5037890.65,,,,1490740.75,,Corporation,3386,First National Bank Alaska,ANCHORAGE,AK,Unanswered,Unanswered,,6598389.38,05/18/2021
18,18,6732787302,04/30/2020,1084,PPP,"TYONEK GLOBAL SERVICES, LLC",1689 C ST,ANCHORAGE,AK,99501,,Exemption 4,66,100,6422316.0,6422316.0,0.0,,44449,"PNC Bank, National Association",222 Delaware Ave,WILMINGTON,DE,19801-1621,U,Y,Y,Existing or more than 2 years old,ANCHORAGE,ANCHORAGE,AK,99501-5115,AK-,478.0,611420.0,Unanswered,Unknown/NotStated,,6422316.0,,,,,,Limited  Liability Company(LLC),760,First Source Federal Credit Union,BIRMINGHAM,AL,Unanswered,Unanswered,,4353656.88,07/14/2022
19,19,6735557309,04/30/2020,1084,PPP,"TYONEK WORLDWIDE SERVICES, INC.",1689 C ST,ANCHORAGE,AK,99501,,Exemption 4,60,100,6412487.0,6412487.0,0.0,,44449,"PNC Bank, National Association",222 Delaware Ave,WILMINGTON,DE,19801-1621,U,Y,Y,Existing or more than 2 years old,ANCHORAGE,ANCHORAGE,AK,99501-5115,AK-,42.0,488190.0,Unanswered,Unknown/NotStated,,6412487.0,,,,,,Subchapter S Corporation,760,First Source Federal Credit Union,BIRMINGHAM,AL,Unanswered,Unanswered,,6226308.99,10/21/2022
20,20,3323817108,04/11/2020,1084,PPP,"COPPER RIVER SEAFOODS, INC.",1118 5TH AVE,ANCHORAGE,AK,99501-2759,08/13/2021,Paid in Full,24,100,3009400.0,6382400.0,0.0,,119918,East West Bank,"135 N Los Robles Ave, 7th Fl",PASADENA,CA,91101-4525,U,N,Y,Existing or more than 2 years old,ANCHORAGE,ANCHORAGE,AK,99501-2759,AK-,303.0,311710.0,Unanswered,Unknown/NotStated,,6382400.0,,,,,,Corporation,119918,East West Bank,PASADENA,CA,Male Owned,Non-Veteran,,6461470.84,07/07/2021
21,21,1570017908,06/10/2020,1084,PPP,MATANUSKA TELEPHONE ASSOCIATION,1740 S. CHUGACH ST,PALMER,AK,99645-6732,07/14/2021,Paid in Full,60,100,5928882.0,5928882.0,0.0,,194499,CoBank ACB,6340 S Fiddlers Green Cir #1908,Greenwood Village,CO,80111,R,Y,N,Existing or more than 2 years old,PALMER,MATANUSKA SUSITNA,AK,99645-6732,AK-,267.0,517311.0,Unanswered,Unknown/NotStated,,5928882.0,,,,,,Cooperative,194499,CoBank ACB,Greenwood Village,CO,Unanswered,Unanswered,,5987841.44,06/10/2021
22,22,3569947101,04/11/2020,1084,PPP,"I. C. E. SERVICES, INC",2606 C Street,ANCHORAGE,AK,99503-2618,08/20/2021,Paid in Full,24,100,5286350.0,5682490.0,0.0,,56102,KeyBank National Association,127 Public Sq,CLEVELAND,OH,44114-1217,U,N,Y,Unanswered,ANCHORAGE,ANCHORAGE,AK,99503-2618,AK-,367.0,722310.0,Unanswered,Unknown/NotStated,,5682490.0,,,,,,Corporation,56102,KeyBank National Association,CLEVELAND,OH,Unanswered,Unanswered,,5751925.36,07/22/2021
23,23,7234997101,04/14/2020,1084,PPP,"TATITLEK TECHNOLOGIES, INC.",561 E. 36th Avenue,ANCHORAGE,AK,99503-4137,10/21/2020,Paid in Full,24,100,5157628.0,5157628.0,0.0,,56102,KeyBank National Association,127 Public Sq,CLEVELAND,OH,44114-1217,U,Y,Y,Unanswered,ANCHORAGE,ANCHORAGE,AK,99503-4137,AK-,361.0,518210.0,Unanswered,Unknown/NotStated,,5157628.0,,,,,,Corporation,56102,KeyBank National Association,CLEVELAND,OH,Unanswered,Unanswered,,,
24,24,6197677007,04/06/2020,1084,PPP,"NORTHERN ENERGY SERVICES, LLC",6250 South Airpark Place,ANCHORAGE,AK,99502-1865,08/20/2021,Paid in Full,24,100,5095098.0,5095098.0,0.0,,116975,Northrim Bank,3111 'C' St,ANCHORAGE,AK,99503,U,N,N,Existing or more than 2 years old,ANCHORAGE,ANCHORAGE,AK,99502-1865,AK-,298.0,213112.0,Unanswered,Unknown/NotStated,,5095098.0,,,,,,Limited  Liability Company(LLC),116975,Northrim Bank,ANCHORAGE,AK,Unanswered,Unanswered,,5161124.89,07/28/2021
25,25,2256077301,04/29/2020,1084,PPP,KATMAI HEALTH SERVICES LLC,"11001 O'MALLEY CENTRE DRIVE, SUITE 204",Anchorage,AK,99515,11/23/2021,Paid in Full,24,100,5036100.0,5036100.0,0.0,,225134,Truist Bank,214 N Tryon St,CHARLOTTE,NC,28202-1078,U,N,N,Existing or more than 2 years old,Anchorage,ANCHORAGE,AK,99515-0001,AK-,500.0,621111.0,Unanswered,Unknown/NotStated,,5036100.0,,,,,,Limited  Liability Company(LLC),225134,Truist Bank,CHARLOTTE,NC,Unanswered,Unanswered,,5091776.88,11/09/2021
26,26,8062947105,04/15/2020,1084,PPP,CRUZ CONSTRUCTION INC,7000 East Palmer Wasilla Hwy,PALMER,AK,99645,07/08/2021,Paid in Full,24,100,5019000.24,5019000.24,0.0,,3386,First National Bank Alaska,101 W 36th Ave,ANCHORAGE,AK,99503-5904,R,Y,N,Existing or more than 2 years old,PALMER,MATANUSKA SUSITNA,AK,99645-0001,AK-,215.0,238190.0,Unanswered,Unknown/NotStated,12565.0,4285941.88,,266000.0,,454493.36,,Subchapter S Corporation,3386,First National Bank Alaska,ANCHORAGE,AK,Unanswered,Unanswered,,5075790.57,06/11/2021
27,27,2465287203,04/16/2020,1084,PPP,"YULISTA TACTICAL, LLC",5015 BUSINESS PARK BLVD Suite 3000,ANCHORAGE,AK,99503-7146,08/20/2021,Paid in Full,24,100,5015465.0,5015465.0,0.0,,56102,KeyBank National Association,127 Public Sq,CLEVELAND,OH,44114-1217,U,Y,Y,Existing or more than 2 years old,ANCHORAGE,ANCHORAGE,AK,99503-7146,AK-,220.0,541614.0,Unanswered,Unknown/NotStated,,5015465.0,,,,,,Limited  Liability Company(LLC),56102,KeyBank National Association,CLEVELAND,OH,Unanswered,Unanswered,,,
28,28,6033737702,05/01/2020,1084,PPP,AHTNA SUPPORT AND TRAINING SERVICES LLC,110 W 38th Ave Ste 100,Anchorage,AK,99503,11/18/2021,Paid in Full,24,100,4986465.0,4986465.0,0.0,,9551,"Bank of America, National Association","100 N Tryon St, Ste 170",CHARLOTTE,NC,28202-4024,U,Y,Y,New Business or 2 years or less,Anchorage,ANCHORAGE,AK,99503-0100,AK-,484.0,541690.0,Unanswered,Unknown/NotStated,,4986465.0,,,,,,,9551,"Bank of America, National Association",CHARLOTTE,NC,Unanswered,Unanswered,,532354.01,09/20/2021
29,29,9643427203,04/28/2020,1084,PPP,HOMER ELECTRIC ASSOCIATION INC,3977 LAKE STREET,HOMER,AK,99603,07/08/2021,Paid in Full,24,100,4808473.42,4808473.42,0.0,,3386,First National Bank Alaska,101 W 36th Ave,ANCHORAGE,AK,99503-5904,R,Y,N,Existing or more than 2 years old,HOMER,KENAI PENINSULA,AK,99603-0001,AK-,145.0,221122.0,Unanswered,Unknown/NotStated,,4808473.42,,,,,,Corporation,3386,First National Bank Alaska,ANCHORAGE,AK,Unanswered,Unanswered,,4861564.24,06/14/2021
30,30,7670387102,04/14/2020,1084,PPP,TIKIGAQ CORPORATION,701 S. Knik Goose Bay Road Suite M,WASILLA,AK,99654-8084,07/20/2021,Paid in Full,24,100,4780025.0,4780025.0,0.0,,116975,Northrim Bank,3111 'C' St,ANCHORAGE,AK,99503,R,Y,N,Existing or more than 2 years old,WASILLA,MATANUSKA SUSITNA,AK,99654-8084,AK-,341.0,921150.0,Unanswered,Not Hispanic or Latino,,4780025.0,,,,,,Corporation,116975,Northrim Bank,ANCHORAGE,AK,Male Owned,Veteran,,4835551.87,06/22/2021
31,31,3247947109,04/11/2020,1084,PPP,TEYA SERVICES LLC,101 EAST 9TH AVENUE SUTE 9B,ANCHORAGE,AK,99501,04/07/2022,Paid in Full,24,100,4290910.0,4290910.0,0.0,,3386,First National Bank Alaska,101 W 36th Ave,ANCHORAGE,AK,99503-5904,U,N,N,Existing or more than 2 years old,ANCHORAGE,ANCHORAGE,AK,99501-0999,AK-,430.0,551114.0,Unanswered,Unknown/NotStated,83182.0,3432728.0,,,,775000.0,,Limited  Liability Company(LLC),3386,First National Bank Alaska,ANCHORAGE,AK,Unanswered,Unanswered,,4032262.82,01/12/2022
32,32,3380457103,04/11/2020,1084,PPP,TATONDUK OUTFITTERS LTD,5525 Airport Industrial Rd.,FAIRBANKS,AK,99709-4470,08/19/2021,Paid in Full,24,100,4277000.0,4277000.0,0.0,,56102,KeyBank National Association,127 Public Sq,CLEVELAND,OH,44114-1217,R,Y,N,Unanswered,FAIRBANKS,FAIRBANKS NORTH STAR,AK,99709-4470,AK-,336.0,481211.0,Unanswered,Unknown/NotStated,,4277000.0,,,,,,Subchapter S Corporation,56102,KeyBank National Association,CLEVELAND,OH,Male Owned,Non-Veteran,,4331136.27,07/27/2021
33,33,6754309008,05/23/2021,1084,PPP,DENA' NENA' HENASH,122 1st Ave Ste 600,Fairbanks,AK,99701-4803,02/16/2023,Paid in Full,60,100,4029190.0,4029190.0,0.0,,495900,Rural Community Assistance Corporation,3120 Freeboard Drive,West Sacramento,CA,95691,R,Y,Y,Existing or more than 2 years old,Fairbanks,FAIRBANKS NORTH STAR,AK,99701-4803,AK-,500.0,924120.0,Unanswered,Unknown/NotStated,1.0,4029187.0,,,,,,Non-Profit Organization,495900,Rural Community Assistance Corporation,West Sacramento,CA,Unanswered,Unanswered,Y,4095112.03,01/17/2023
34,34,6733687309,04/30/2020,1084,PPP,"TYONEK MANUFACTURING GROUP, INC.",1689 C ST,ANCHORAGE,AK,99501,,Exemption 4,60,100,3912364.0,3912364.0,0.0,,44449,"PNC Bank, National Association",222 Delaware Ave,WILMINGTON,DE,19801-1621,U,Y,Y,Existing or more than 2 years old,ANCHORAGE,ANCHORAGE,AK,99501-5115,AK-,345.0,551112.0,Unanswered,Unknown/NotStated,,3912364.0,,,,,,Subchapter S Corporation,760,First Source Federal Credit Union,BIRMINGHAM,AL,Unanswered,Unanswered,,3796942.34,10/21/2022
35,35,7689017009,04/08/2020,1084,PPP,"RESOURCE DATA, INC","560 East 34th Avenue, Suite 100",ANCHORAGE,AK,99503-4116,07/21/2021,Paid in Full,24,100,3793617.0,3793618.0,0.0,,116975,Northrim Bank,3111 'C' St,ANCHORAGE,AK,99503,U,Y,Y,Existing or more than 2 years old,ANCHORAGE,ANCHORAGE,AK,99503-4116,AK-,194.0,541511.0,Unanswered,Unknown/NotStated,,3793618.0,,,,,,Subchapter S Corporation,116975,Northrim Bank,ANCHORAGE,AK,Unanswered,Unanswered,,3838413.87,06/28/2021
36,36,4820397010,04/04/2020,1084,PPP,"COLVILLE, INC.",4300 B Street,ANCHORAGE,AK,99503-5913,07/20/2021,Paid in Full,24,100,3776300.0,3776300.0,0.0,,116975,Northrim Bank,3111 'C' St,ANCHORAGE,AK,99503,U,Y,Y,Existing or more than 2 years old,ANCHORAGE,ANCHORAGE,AK,99503-5913,AK-,213.0,454319.0,White,Not Hispanic or Latino,,3776300.0,,,,,,Corporation,116975,Northrim Bank,ANCHORAGE,AK,Male Owned,Non-Veteran,,3819960.24,06/11/2021
37,37,7054477003,04/07/2020,1084,PPP,"MRD, INC.",800 NORTHERN LIGHTS BLVD,ANCHORAGE,AK,99503-3713,07/21/2021,Paid in Full,24,100,3774800.0,3774800.0,0.0,McDonalds,116975,Northrim Bank,3111 'C' St,ANCHORAGE,AK,99503,U,N,Y,Existing or more than 2 years old,ANCHORAGE,ANCHORAGE,AK,99503-3713,AK-,500.0,722514.0,Unanswered,Unknown/NotStated,,3774800.0,,,,,,Subchapter S Corporation,116975,Northrim Bank,ANCHORAGE,AK,Unanswered,Unanswered,,3817615.54,06/11/2021
38,38,1712467104,04/10/2020,1084,PPP,ENGINEERED SOLUTIONS GROUP,"3305 Arctic Boulevard, Suite 201",ANCHORAGE,AK,99503-4522,07/20/2021,Paid in Full,24,100,3894547.0,3711148.0,0.0,,116975,Northrim Bank,3111 'C' St,ANCHORAGE,AK,99503,U,Y,Y,Existing or more than 2 years old,ANCHORAGE,ANCHORAGE,AK,99503-4522,AK-,158.0,541330.0,White,Not Hispanic or Latino,,3711148.0,,,,,,Subchapter S Corporation,116975,Northrim Bank,ANCHORAGE,AK,Female Owned,Non-Veteran,,3753444.92,06/11/2021
39,39,4958077000,04/04/2020,1084,PPP,"ALLEN MARINE TOURS, INC.",1512 Sawmill Creek Rd,SITKA,AK,99835-9704,07/20/2021,Paid in Full,24,100,3600000.0,3554703.0,0.0,,116975,Northrim Bank,3111 'C' St,ANCHORAGE,AK,99503,U,Y,N,Existing or more than 2 years old,SITKA,SITKA,AK,99835-9704,AK-,170.0,561520.0,Unanswered,Not Hispanic or Latino,,3554703.0,,,,,,Corporation,116975,Northrim Bank,ANCHORAGE,AK,Male Owned,Non-Veteran,,3595314.26,06/11/2021
40,40,2433997210,04/16/2020,1084,PPP,"TUNISTA SERVICES, LLC",5015 BUSINESS PARK BLVD Suite 3000,ANCHORAGE,AK,99503-7146,08/20/2021,Paid in Full,24,100,3546295.0,3546295.0,0.0,,56102,KeyBank National Association,127 Public Sq,CLEVELAND,OH,44114-1217,U,Y,Y,Existing or more than 2 years old,ANCHORAGE,ANCHORAGE,AK,99503-7146,AK-,244.0,811412.0,Unanswered,Unknown/NotStated,,3546295.0,,,,,,Limited  Liability Company(LLC),56102,KeyBank National Association,CLEVELAND,OH,Unanswered,Unanswered,,,
41,41,5586637103,04/13/2020,1084,PPP,"GEONORTH, LLC.",561 E. 36th Ave.,ANCHORAGE,AK,99503-4137,10/21/2020,Paid in Full,24,100,3535477.0,3535477.0,0.0,,56102,KeyBank National Association,127 Public Sq,CLEVELAND,OH,44114-1217,U,Y,Y,Unanswered,ANCHORAGE,ANCHORAGE,AK,99503-4137,AK-,188.0,541511.0,Unanswered,Unknown/NotStated,,3535477.0,,,,,,Limited  Liability Company(LLC),56102,KeyBank National Association,CLEVELAND,OH,Unanswered,Unanswered,,,
42,42,4605797009,04/04/2020,1084,PPP,"FULLFORD ELECTRIC, INC.",303 E VAN HORN RD,FAIRBANKS,AK,99701-7625,07/20/2021,Paid in Full,24,100,2599900.0,3425709.0,0.0,,116975,Northrim Bank,3111 'C' St,ANCHORAGE,AK,99503,R,Y,N,Existing or more than 2 years old,FAIRBANKS,FAIRBANKS NORTH STAR,AK,99701-7625,AK-,82.0,238210.0,Unanswered,Unknown/NotStated,,3425709.0,,,,,,Subchapter S Corporation,116975,Northrim Bank,ANCHORAGE,AK,Male Owned,Unanswered,,3464752.7,06/11/2021
43,43,4042717100,04/12/2020,1084,PPP,"PRUHS CONSTRUCTION CO., L.L.C.",2193 Viking Dr,ANCHORAGE,AK,99501-1730,08/20/2021,Paid in Full,24,100,1625000.0,3403381.0,0.0,,56102,KeyBank National Association,127 Public Sq,CLEVELAND,OH,44114-1217,U,Y,Y,Unanswered,ANCHORAGE,ANCHORAGE,AK,99501-1730,AK-,10.0,237310.0,White,Unknown/NotStated,,3403381.0,,,,,,Limited  Liability Company(LLC),56102,KeyBank National Association,CLEVELAND,OH,Male Owned,Non-Veteran,,3446179.68,07/26/2021
44,44,5116757110,04/13/2020,1084,PPP,ALYESKA RESORT OPERATIONS LIMITED PARTNERSHIP,1000 Arlberg Ave,GIRDWOOD,AK,99587,09/24/2021,Paid in Full,24,100,3400700.0,3400700.0,0.0,,21442,BMO Bank National Association,320 S Canal St,Chicago,IL,60606,U,N,N,New Business or 2 years or less,GIRDWOOD,ANCHORAGE,AK,99587-0001,AK-,393.0,721110.0,Unanswered,Unknown/NotStated,,3400700.0,,,,,,Partnership,21442,BMO Bank National Association,Chicago,IL,Unanswered,Unanswered,,3444210.33,08/10/2021
45,45,8106777007,04/08/2020,1084,PPP,"ALASKA HEART INSTITUTE, LLC",3841 Piper Street Suite T-100,ANCHORAGE,AK,99508-4674,09/28/2021,Paid in Full,24,100,3388097.0,3388097.0,0.0,,116975,Northrim Bank,3111 'C' St,ANCHORAGE,AK,99503,U,N,N,Existing or more than 2 years old,ANCHORAGE,ANCHORAGE,AK,99508-4674,AK-,240.0,621111.0,Unanswered,Unknown/NotStated,,3388097.0,,,,,,Subchapter S Corporation,116975,Northrim Bank,ANCHORAGE,AK,Unanswered,Unanswered,,3433116.92,08/20/2021
46,46,4919167000,04/04/2020,1084,PPP,"ORTHOALASKA, LLC",3801 Lake Otis Parkway,ANCHORAGE,AK,99508-5233,07/21/2021,Paid in Full,24,100,3377500.0,3377500.0,0.0,,116975,Northrim Bank,3111 'C' St,ANCHORAGE,AK,99503,U,N,N,Existing or more than 2 years old,ANCHORAGE,ANCHORAGE,AK,99508-5233,AK-,240.0,621111.0,Unanswered,Unknown/NotStated,,3377500.0,,,,,,Limited  Liability Company(LLC),116975,Northrim Bank,ANCHORAGE,AK,Unanswered,Unanswered,,3416179.32,06/09/2021
47,47,3146037304,04/29/2020,1084,PPP,AHTNA ENVIRONMENTAL INC,110 W 38th Ave Ste 200B,ANCHORAGE,AK,99503-5677,11/18/2021,Paid in Full,24,100,3344500.0,3344500.0,0.0,,9551,"Bank of America, National Association","100 N Tryon St, Ste 170",CHARLOTTE,NC,28202-4024,U,Y,Y,Unanswered,ANCHORAGE,ANCHORAGE,AK,99503-5677,AK-,180.0,562910.0,Unanswered,Unknown/NotStated,,3344500.0,,,,,,Corporation,9551,"Bank of America, National Association",CHARLOTTE,NC,Unanswered,Unanswered,,2116516.61,09/20/2021
48,48,4966677003,04/04/2020,1084,PPP,ALCAN ELEC. & ENGINEERING INC.,6670 Arctic Spur Rd.,ANCHORAGE,AK,99518-1548,07/21/2021,Paid in Full,24,100,3145700.0,3145700.0,0.0,,116975,Northrim Bank,3111 'C' St,ANCHORAGE,AK,99503,U,N,N,Existing or more than 2 years old,ANCHORAGE,ANCHORAGE,AK,99518-1548,AK-,92.0,238210.0,Unanswered,Unknown/NotStated,,3145700.0,,,,,,Subchapter S Corporation,116975,Northrim Bank,ANCHORAGE,AK,Female Owned,Unanswered,,3182069.46,06/11/2021
49,49,5669107103,04/13/2020,1084,PPP,"KAWERAK, INC.",PO Box 948,NOME,AK,99762,10/21/2020,Paid in Full,24,100,3142152.86,3142152.86,0.0,,56102,KeyBank National Association,127 Public Sq,CLEVELAND,OH,44114-1217,R,N,N,Unanswered,NOME,NOME,AK,99762-0001,AK-,215.0,624110.0,Unanswered,Unknown/NotStated,,3142152.86,,,,,,Non-Profit Organization,56102,KeyBank National Association,CLEVELAND,OH,Unanswered,Unanswered,Y,,
50,50,1956967206,04/15/2020,1084,PPP,TRAILBOSS TX LLC,201 E 3rd Avenue,ANCHORAGE,AK,99501,06/24/2021,Paid in Full,24,100,3120100.0,3120100.0,0.0,,90739,Global Federal Credit Union,4000 Credit Union Dr,ANCHORAGE,AK,99503-6636,U,Y,N,Existing or more than 2 years old,ANCHORAGE,ANCHORAGE,AK,99501-0999,AK-,199.0,561210.0,Black or African American,Unknown/NotStated,,3120100.0,,,,,,Limited  Liability Company(LLC),90739,Global Federal Credit Union,ANCHORAGE,AK,Male Owned,Unanswered,,3155147.7,06/11/2021
51,51,3573847109,04/11/2020,1084,PPP,"GREAT NORTHWEST, INC.",2975 Van Horn Road,FAIRBANKS,AK,99709-5418,12/18/2021,Paid in Full,24,100,3079300.0,3079300.0,0.0,,56102,KeyBank National Association,127 Public Sq,CLEVELAND,OH,44114-1217,R,Y,N,Unanswered,FAIRBANKS,FAIRBANKS NORTH STAR,AK,99709-5418,AK-,59.0,237310.0,Unanswered,Unknown/NotStated,,3079300.0,,,,,,Subchapter S Corporation,56102,KeyBank National Association,CLEVELAND,OH,Unanswered,Unanswered,,3128062.61,11/22/2021
52,52,4189357104,04/13/2020,1084,PPP,"NEESER CONSTRUCTION, INC.",2501 BLUEBERRY ROAD,ANCHORAGE,AK,99503-2621,09/08/2021,Paid in Full,24,100,3071121.0,3071121.0,0.0,,3386,First National Bank Alaska,101 W 36th Ave,ANCHORAGE,AK,99503-5904,U,N,Y,Existing or more than 2 years old,ANCHORAGE,ANCHORAGE,AK,99503-2621,AK-,74.0,237990.0,Unanswered,Unknown/NotStated,26021.02,2947650.5,,97449.48,,,,Corporation,3386,First National Bank Alaska,ANCHORAGE,AK,Unanswered,Unanswered,,3112602.17,08/23/2021
53,53,5357627107,04/13/2020,1084,PPP,"BEACON OCCUPATIONAL HEALTH AND SAFETY SERVICES, INC.",800 Cordova Street,ANCHORAGE,AK,99501-3717,07/21/2021,Paid in Full,24,100,2987200.0,2987200.0,0.0,,56102,KeyBank National Association,127 Public Sq,CLEVELAND,OH,44114-1217,U,Y,N,Unanswered,ANCHORAGE,ANCHORAGE,AK,99501-3717,AK-,230.0,621111.0,White,Not Hispanic or Latino,,2987200.0,,,,,,Corporation,56102,KeyBank National Association,CLEVELAND,OH,Female Owned,Non-Veteran,,3021082.21,06/09/2021
54,54,5829997101,04/14/2020,1084,PPP,"CENTRAL ENVIRONMENTAL, INC.",311 N Sitka Street,ANCHORAGE,AK,99501-1841,08/07/2021,Paid in Full,24,100,2779746.82,2779746.82,0.0,,3386,First National Bank Alaska,101 W 36th Ave,ANCHORAGE,AK,99503-5904,U,Y,Y,Existing or more than 2 years old,ANCHORAGE,ANCHORAGE,AK,99501-1841,AK-,122.0,562910.0,White,Unknown/NotStated,9056.0,2620157.82,,89759.0,,60774.0,,Subchapter S Corporation,3386,First National Bank Alaska,ANCHORAGE,AK,Male Owned,Non-Veteran,,2812951.47,07/02/2021
55,55,5002957200,04/27/2020,1084,PPP,CENTRAL COUNCIL TLINGIT & HAIDA INDIAN TRIBES OF ALASKA,9097 Glacier Hwy,Juneau,AK,99801,01/08/2022,Paid in Full,24,100,2769035.0,2769035.0,0.0,,116975,Northrim Bank,3111 'C' St,ANCHORAGE,AK,99503,U,Y,N,Existing or more than 2 years old,Juneau,JUNEAU,AK,99801-0001,AK-,318.0,813410.0,Unanswered,Unknown/NotStated,,2769035.0,,,,,,Professional Association,116975,Northrim Bank,ANCHORAGE,AK,Unanswered,Unanswered,,2502035.48,12/15/2021
56,56,6570687706,05/01/2020,1084,PPP,"AHTNA CONSTRUCTION &AMP; PRIMARY PRODUCTS COMPANY, LLC",110 W 38th Ave Ste 100,Anchorage,AK,99503,12/16/2021,Paid in Full,24,100,2755587.0,2755587.0,0.0,,9551,"Bank of America, National Association","100 N Tryon St, Ste 170",CHARLOTTE,NC,28202-4024,U,Y,Y,New Business or 2 years or less,Anchorage,ANCHORAGE,AK,99503-0100,AK-,135.0,237310.0,Unanswered,Unknown/NotStated,,2755587.0,,,,,,,9551,"Bank of America, National Association",CHARLOTTE,NC,Unanswered,Unanswered,,501974.25,11/19/2021
57,57,4758937701,05/01/2020,1084,PPP,LIFEMED ALASKA LLC,3838 W 50TH AVE,ANCHORAGE,AK,99502,07/13/2021,Paid in Full,24,100,2751369.0,2751369.0,0.0,,12096,"Wells Fargo Bank, National Association",101 N Philips Ave,SIOUX FALLS,SD,57104-6738,U,N,N,Existing or more than 2 years old,ANCHORAGE,ANCHORAGE,AK,99502-0800,AK-,133.0,561320.0,Unanswered,Unknown/NotStated,,2751369.0,,,,,,Limited  Liability Company(LLC),12096,"Wells Fargo Bank, National Association",SIOUX FALLS,SD,Unanswered,Unanswered,,2781520.99,06/11/2021
58,58,4878527102,04/13/2020,1084,PPP,"BERING AIR, INC.",PO Box 1650,NOME,AK,99762,09/28/2021,Paid in Full,24,100,2574300.0,2574300.0,0.0,,56102,KeyBank National Association,127 Public Sq,CLEVELAND,OH,44114-1217,R,N,N,Unanswered,NOME,NOME,AK,99762-0001,AK-,184.0,481211.0,White,Not Hispanic or Latino,,2574300.0,,,,,,Subchapter S Corporation,56102,KeyBank National Association,CLEVELAND,OH,Female Owned,Non-Veteran,,2608294.87,08/17/2021
59,59,5502657004,04/05/2020,1084,PPP,PND ENGINEERS INC,1506 W 36th Ave,ANCHORAGE,AK,99503-3595,07/21/2021,Paid in Full,24,100,2045300.0,2489263.0,0.0,,116975,Northrim Bank,3111 'C' St,ANCHORAGE,AK,99503,U,Y,Y,Existing or more than 2 years old,ANCHORAGE,ANCHORAGE,AK,99503-3595,AK-,112.0,541330.0,Unanswered,Unknown/NotStated,,2489263.0,,,,,,Corporation,116975,Northrim Bank,ANCHORAGE,AK,Unanswered,Unanswered,,2517360.98,06/11/2021
60,60,5819017009,04/06/2020,1084,PPP,"GRANT AVIATION, INC.",6402 Kulis Dr,ANCHORAGE,AK,99502-1816,06/19/2021,Paid in Full,24,100,2487000.0,2487000.0,0.0,,116975,Northrim Bank,3111 'C' St,ANCHORAGE,AK,99503,U,N,N,Existing or more than 2 years old,ANCHORAGE,ANCHORAGE,AK,99502-1816,AK-,189.0,481111.0,Unanswered,Unknown/NotStated,,2487000.0,,,,,,Corporation,116975,Northrim Bank,ANCHORAGE,AK,Unanswered,Unanswered,,2513777.84,05/24/2021
61,61,3843497101,04/12/2020,1084,PPP,DAVIS CONSTRUCTORS & ENGINEERS,13701 Vern Drive,ANCHORAGE,AK,99516-2654,07/20/2021,Paid in Full,24,100,2464869.0,2464869.0,0.0,,56102,KeyBank National Association,127 Public Sq,CLEVELAND,OH,44114-1217,U,N,N,Unanswered,ANCHORAGE,ANCHORAGE,AK,99516-2654,AK-,78.0,236210.0,Unanswered,Unknown/NotStated,,2464869.0,,,,,,Sole Proprietorship,56102,KeyBank National Association,CLEVELAND,OH,Male Owned,Unanswered,,2492759.16,06/11/2021
62,62,8824207005,04/08/2020,1084,PPP,"JL PROPERTIES, INC",813 D Street Ste 20,ANCHORAGE,AK,99520-3510,07/08/2021,Paid in Full,24,100,2335261.81,2335261.81,0.0,,3386,First National Bank Alaska,101 W 36th Ave,ANCHORAGE,AK,99503-5904,U,N,N,Existing or more than 2 years old,ANCHORAGE,ANCHORAGE,AK,99520-0001,AK-,149.0,531110.0,White,Not Hispanic or Latino,,2134489.41,,,,,200772.4,Subchapter S Corporation,3386,First National Bank Alaska,ANCHORAGE,AK,Male Owned,Non-Veteran,,2362069.34,06/11/2021
63,63,4509567707,05/01/2020,1084,PPP,ANCHORAGE NEIGHBORHOOD HEALTH CENTER INC,4951 BUSINESS PARK BLVD,ANCHORAGE,AK,99503,08/12/2021,Paid in Full,24,100,2269089.0,2269089.0,0.0,,12096,"Wells Fargo Bank, National Association",101 N Philips Ave,SIOUX FALLS,SD,57104-6738,U,Y,Y,Existing or more than 2 years old,ANCHORAGE,ANCHORAGE,AK,99503-0100,AK-,152.0,621111.0,Unanswered,Unknown/NotStated,,2269089.0,,,,,,Non-Profit Organization,12096,"Wells Fargo Bank, National Association",SIOUX FALLS,SD,Unanswered,Unanswered,Y,2296628.9,07/26/2021
64,64,9573647007,04/09/2020,1084,PPP,"ANCHORAGE COMMUNITY MENTAL HEALTH SERVICES, INC.",4020 FOLKER STREET,ANCHORAGE,AK,99508-5321,07/08/2021,Paid in Full,24,100,2266607.92,2266607.92,0.0,,3386,First National Bank Alaska,101 W 36th Ave,ANCHORAGE,AK,99503-5904,U,N,Y,Existing or more than 2 years old,ANCHORAGE,ANCHORAGE,AK,99508-5321,AK-,168.0,621498.0,Unanswered,Unknown/NotStated,64000.0,2148877.92,3600.0,50130.0,,,,Non-Profit Organization,3386,First National Bank Alaska,ANCHORAGE,AK,Unanswered,Unanswered,Y,2292627.34,06/11/2021
65,65,3492097107,04/11/2020,1084,PPP,"DENALI FOODS, INC.",3301 Denali St,ANCHORAGE,AK,99503-4032,09/25/2021,Paid in Full,24,100,2264130.0,2264130.0,0.0,,56102,KeyBank National Association,127 Public Sq,CLEVELAND,OH,44114-1217,U,Y,Y,Unanswered,ANCHORAGE,ANCHORAGE,AK,99503-4032,AK-,451.0,722511.0,Unanswered,Unknown/NotStated,,2264130.0,,,,,,Subchapter S Corporation,56102,KeyBank National Association,CLEVELAND,OH,Unanswered,Unanswered,,2121565.04,08/31/2021
66,66,8121217001,04/08/2020,1084,PPP,"ADVANCED SUPPLY CHAIN INTERNATIONAL, LLC",2525 GAMBELL ST Ste 405,ANCHORAGE,AK,99503-2827,04/08/2022,Paid in Full,24,100,2262000.0,2262000.0,0.0,,116975,Northrim Bank,3111 'C' St,ANCHORAGE,AK,99503,U,N,Y,Existing or more than 2 years old,ANCHORAGE,ANCHORAGE,AK,99503-2827,AK-,126.0,493190.0,Unanswered,Unknown/NotStated,,2262000.0,,,,,,Limited  Liability Company(LLC),116975,Northrim Bank,ANCHORAGE,AK,Unanswered,Unanswered,,1825612.72,12/22/2021
67,67,2790447403,05/06/2020,1084,PPP,ALASKA VILLAGE ELECTRIC,4831 EAGLE STREET,ANCHORAGE,AK,99503,08/12/2021,Paid in Full,24,100,2235797.0,2235797.0,0.0,,12096,"Wells Fargo Bank, National Association",101 N Philips Ave,SIOUX FALLS,SD,57104-6738,U,Y,Y,Existing or more than 2 years old,ANCHORAGE,ANCHORAGE,AK,99503-0100,AK-,85.0,221122.0,Unanswered,Unknown/NotStated,,2235797.0,,,,,,Corporation,12096,"Wells Fargo Bank, National Association",SIOUX FALLS,SD,Unanswered,Unanswered,,2260727.67,06/28/2021
68,68,4547717008,04/03/2020,1084,PPP,"FAMILY CENTERED SERVICES OF ALASKA, INC.",1825 Marika Rd.,FAIRBANKS,AK,99709-5521,07/21/2021,Paid in Full,24,100,2234000.0,2234000.0,0.0,,116975,Northrim Bank,3111 'C' St,ANCHORAGE,AK,99503,R,N,N,Existing or more than 2 years old,FAIRBANKS,FAIRBANKS NORTH STAR,AK,99709-5521,AK-,145.0,621420.0,Unanswered,Unknown/NotStated,,2234000.0,,,,,,Non-Profit Organization,116975,Northrim Bank,ANCHORAGE,AK,Male Owned,Unanswered,Y,2260134.74,06/18/2021
69,69,8819357010,04/08/2020,1084,PPP,"FAIRWEATHER, LLC",301 Calista Court,ANCHORAGE,AK,99518-3000,07/08/2021,Paid in Full,24,100,2227299.54,2227299.54,0.0,,3386,First National Bank Alaska,101 W 36th Ave,ANCHORAGE,AK,99503-5904,U,N,N,Existing or more than 2 years old,ANCHORAGE,ANCHORAGE,AK,99518-3000,AK-,140.0,541618.0,Unanswered,Unknown/NotStated,204124.82,1880074.99,,143099.73,,,,Limited  Liability Company(LLC),3386,First National Bank Alaska,ANCHORAGE,AK,Unanswered,Unanswered,,2252867.72,06/11/2021
70,70,3971517208,04/16/2020,1084,PPP,AHTNA PROFESSIONAL SERVICES INC,110 W 38th Ave Ste 200F,ANCHORAGE,AK,99503,07/16/2022,Paid in Full,60,100,2226432.0,2226432.0,0.0,,9551,"Bank of America, National Association","100 N Tryon St, Ste 170",CHARLOTTE,NC,28202-4024,U,Y,Y,Unanswered,ANCHORAGE,ANCHORAGE,AK,99503-0100,AK-,216.0,541513.0,Unanswered,Unknown/NotStated,,2226432.0,,,,,,Corporation,9551,"Bank of America, National Association",CHARLOTTE,NC,Unanswered,Unanswered,,276225.87,05/25/2022
71,71,4374997208,04/27/2020,1084,PPP,KETCHIKAN INDIAN COMMUNITY,Ketchikan Indian Community,KETCHIKAN,AK,99901-5742,11/19/2021,Paid in Full,24,100,2750000.0,2210033.0,0.0,,56102,KeyBank National Association,127 Public Sq,CLEVELAND,OH,44114-1217,U,N,N,Existing or more than 2 years old,KETCHIKAN,KETCHIKAN GATEWAY,AK,99901-5742,AK-,165.0,621910.0,Unanswered,Unknown/NotStated,,2210033.0,,,,,,Corporation,56102,KeyBank National Association,CLEVELAND,OH,Male Owned,Unanswered,,2241639.5,10/18/2021
72,72,4808587005,04/04/2020,1084,PPP,"ALASKA CENTRAL EXPRESS, INC.",5901 Lockheed Avenue,Anchorage,AK,99502-1094,07/21/2021,Paid in Full,24,100,2191500.0,2191500.0,0.0,,116975,Northrim Bank,3111 'C' St,ANCHORAGE,AK,99503,U,N,N,Existing or more than 2 years old,Anchorage,ANCHORAGE,AK,99502-1094,AK-,158.0,481112.0,Unanswered,Unknown/NotStated,,2191500.0,,,,,,Subchapter S Corporation,116975,Northrim Bank,ANCHORAGE,AK,Unanswered,Unanswered,,2216296.97,06/09/2021
73,73,6289427108,04/14/2020,1084,PPP,"KATMAI SUPPORT SERVICES, LLC","11001 OMalley Centre Drive , Suite 204",ANCHORAGE,AK,99515-3096,07/22/2021,Paid in Full,24,100,2191507.0,2191500.0,0.0,,225134,Truist Bank,214 N Tryon St,CHARLOTTE,NC,28202-1078,U,N,N,Existing or more than 2 years old,ANCHORAGE,ANCHORAGE,AK,99515-3096,AK-,255.0,561210.0,Unanswered,Unknown/NotStated,,2191500.0,,,,,,Limited  Liability Company(LLC),225134,Truist Bank,CHARLOTTE,NC,Unanswered,Unanswered,,2216763.12,06/11/2021
74,74,4103747310,04/29/2020,1084,PPP,"SAMSON TUG AND BARGE COMPANY, INC.",132 Lincoln St,SITKA,AK,99835-7540,07/20/2021,Paid in Full,24,100,2176746.92,2176746.92,0.0,,116975,Northrim Bank,3111 'C' St,ANCHORAGE,AK,99503,U,Y,N,Existing or more than 2 years old,SITKA,SITKA,AK,99835-7540,AK-,136.0,483113.0,White,Unknown/NotStated,,2176746.92,,,,,,Corporation,116975,Northrim Bank,ANCHORAGE,AK,Female Owned,Non-Veteran,,2200482.41,06/10/2021
75,75,6182457008,04/06/2020,1084,PPP,"PDC, INC",1028 AURORA DR.,FAIRBANKS,AK,99709-5507,12/21/2021,Paid in Full,24,100,2161000.0,2161000.0,0.0,,3498,Mt. McKinley Bank,500 Fourth Ave,FAIRBANKS,AK,99701-4714,R,N,N,Existing or more than 2 years old,FAIRBANKS,FAIRBANKS NORTH STAR,AK,99709-5507,AK-,97.0,541330.0,Unanswered,Unknown/NotStated,,2161000.0,,,,,,Corporation,3498,Mt. McKinley Bank,FAIRBANKS,AK,Unanswered,Unanswered,,2185629.48,06/11/2021
76,76,4064957702,05/01/2020,1084,PPP,PREMIER ALASKA TOURS INC,1900 PREMIER CT,ANCHORAGE,AK,99502,11/19/2021,Paid in Full,24,100,2093019.0,2093019.0,0.0,,12096,"Wells Fargo Bank, National Association",101 N Philips Ave,SIOUX FALLS,SD,57104-6738,U,N,N,Existing or more than 2 years old,ANCHORAGE,ANCHORAGE,AK,99502-0800,AK-,199.0,561520.0,Unanswered,Unknown/NotStated,,2093019.0,,,,,,Subchapter S Corporation,12096,"Wells Fargo Bank, National Association",SIOUX FALLS,SD,Unanswered,Unanswered,,1923626.35,09/24/2021
77,77,4179237110,04/13/2020,1084,PPP,ANCHORAGE FRACTURE & ORTHOPEDIC CLINIC,3831 Piper Street Suite 220,ANCHORAGE,AK,99508-4634,07/08/2021,Paid in Full,24,100,2063313.95,2063313.95,0.0,,3386,First National Bank Alaska,101 W 36th Ave,ANCHORAGE,AK,99503-5904,U,N,N,Existing or more than 2 years old,ANCHORAGE,ANCHORAGE,AK,99508-4634,AK-,117.0,621111.0,Unanswered,Unknown/NotStated,41600.0,1702213.95,,78500.0,,230000.0,11000.0,Corporation,3386,First National Bank Alaska,ANCHORAGE,AK,Unanswered,Unanswered,,2087621.48,06/28/2021
78,78,4518947008,04/03/2020,1084,PPP,"SOURDOUGH EXPRESS, INC",PO Box 73398,FAIRBANKS,AK,99707,12/18/2021,Paid in Full,24,100,2019000.0,2019000.0,0.0,,3498,Mt. McKinley Bank,500 Fourth Ave,FAIRBANKS,AK,99701-4714,R,N,Y,Existing or more than 2 years old,FAIRBANKS,FAIRBANKS NORTH STAR,AK,99707-0001,AK-,129.0,484110.0,Unanswered,Unknown/NotStated,,2019000.0,,,,,,Subchapter S Corporation,3498,Mt. McKinley Bank,FAIRBANKS,AK,Unanswered,Unanswered,,2042508.9,06/09/2021
79,79,1198817109,04/10/2020,1084,PPP,NEW HORIZONS TELECOM INC.,901 Cope Industrial Way,PALMER,AK,99645-6739,07/20/2021,Paid in Full,24,100,2009300.0,2009300.0,0.0,,56102,KeyBank National Association,127 Public Sq,CLEVELAND,OH,44114-1217,R,Y,N,Unanswered,PALMER,MATANUSKA SUSITNA,AK,99645-6739,AK-,64.0,237130.0,Unanswered,Unknown/NotStated,,2009300.0,,,,,,Corporation,56102,KeyBank National Association,CLEVELAND,OH,Unanswered,Unanswered,,2032200.52,06/11/2021
80,80,1305708310,01/16/2021,1084,PPS,FOUNTAINHEAD DEVELOPMENT INC,1501 Queens Way,Fairbanks,AK,99701-7456,03/10/2022,Paid in Full,60,100,2000000.0,2000000.0,0.0,,3495,Denali State Bank,119 N Cushman St,FAIRBANKS,AK,99701-2879,R,Y,N,Existing or more than 2 years old,Fairbanks,FAIRBANKS NORTH STAR,AK,99701-7456,AK-,140.0,721110.0,Unanswered,Unknown/NotStated,1.0,1999995.0,,,,,,Subchapter S Corporation,3495,Denali State Bank,FAIRBANKS,AK,Male Owned,Unanswered,,2020666.67,02/02/2022
81,81,1528398702,03/27/2021,1084,PPS,NORTHERN ENERGY SERVICES LLC,6250 S Airpark Pl,Anchorage,AK,99502-1865,12/08/2022,Paid in Full,60,100,2000000.0,2000000.0,0.0,,116975,Northrim Bank,3111 'C' St,ANCHORAGE,AK,99503,U,N,N,Existing or more than 2 years old,Anchorage,ANCHORAGE,AK,99502-1865,AK-,204.0,237310.0,Unanswered,Unknown/NotStated,,2000000.0,,,,,,Limited  Liability Company(LLC),116975,Northrim Bank,ANCHORAGE,AK,Unanswered,Unanswered,,2031616.44,11/04/2022
82,82,2340468702,03/28/2021,1084,PPS,WHITTIER SEAFOOD LLC,375 E WHITTIER ST,WHITTIER,AK,99693,,Exemption 4,60,100,2000000.0,2000000.0,0.0,,9551,"Bank of America, National Association","100 N Tryon St, Ste 170",CHARLOTTE,NC,28202-4024,R,N,N,Existing or more than 2 years old,WHITTIER,Chugach,AK,99693,AK-,216.0,114111.0,White,Not Hispanic or Latino,1.0,1999999.0,,,,,,Limited  Liability Company(LLC),9551,"Bank of America, National Association",CHARLOTTE,NC,Male Owned,Non-Veteran,,1894260.11,03/31/2023
83,83,2524238501,02/20/2021,1084,PPS,ALCAN ELECTRICAL AND ENGINEERING INC,6670 Arctic Spur Rd,Anchorage,AK,99518-1548,10/13/2021,Paid in Full,60,100,2000000.0,2000000.0,0.0,,116975,Northrim Bank,3111 'C' St,ANCHORAGE,AK,99503,U,N,N,Existing or more than 2 years old,Anchorage,ANCHORAGE,AK,99518-1548,AK-,92.0,238210.0,Unanswered,Unknown/NotStated,1.0,1999998.0,,,,,,Subchapter S Corporation,116975,Northrim Bank,ANCHORAGE,AK,Unanswered,Unanswered,,2011342.47,09/20/2021
84,84,3041178300,01/21/2021,1084,PPS,FAMILY CENTERED SERVICES OF ALASKA INC,1825 Marika Rd,Fairbanks,AK,99709-5521,04/08/2022,Paid in Full,60,100,2000000.0,2000000.0,0.0,,116975,Northrim Bank,3111 'C' St,ANCHORAGE,AK,99503,R,N,N,Existing or more than 2 years old,Fairbanks,FAIRBANKS NORTH STAR,AK,99709-5521,AK-,169.0,624190.0,Unanswered,Unknown/NotStated,,2000000.0,,,,,,Non-Profit Organization,116975,Northrim Bank,ANCHORAGE,AK,Unanswered,Unanswered,Y,2023068.49,03/28/2022
85,85,3582238406,02/05/2021,1084,PPS,COLVILLE INC.,4300 B St Ste 308,Anchorage,AK,99503-5933,12/10/2021,Paid in Full,60,100,2000000.0,2000000.0,0.0,,116975,Northrim Bank,3111 'C' St,ANCHORAGE,AK,99503,U,Y,Y,Existing or more than 2 years old,Anchorage,ANCHORAGE,AK,99503-5933,AK-,150.0,424720.0,White,Not Hispanic or Latino,1.0,1999996.0,,,,,,Corporation,116975,Northrim Bank,ANCHORAGE,AK,Male Owned,Non-Veteran,,2015342.47,11/17/2021
86,86,4955798310,01/23/2021,1084,PPS,ALLEN MARINE TOURS INC.,1512 Sawmill Creek Rd,Sitka,AK,99835-9704,02/10/2022,Paid in Full,60,100,2000000.0,2000000.0,0.0,,116975,Northrim Bank,3111 'C' St,ANCHORAGE,AK,99503,U,Y,N,Existing or more than 2 years old,Sitka,SITKA,AK,99835-9704,AK-,229.0,488310.0,Unanswered,Not Hispanic or Latino,1.0,1999995.0,,,,,,Corporation,116975,Northrim Bank,ANCHORAGE,AK,Male Owned,Non-Veteran,,2018849.32,01/12/2022
87,87,5377518309,01/25/2021,1084,PPS,FRESH ALE PUBS LIMITED LIABILITY COMPANY,3300 Old Seward Hwy,Anchorage,AK,99503-4129,11/06/2021,Paid in Full,60,100,2000000.0,2000000.0,0.0,,116975,Northrim Bank,3111 'C' St,ANCHORAGE,AK,99503,U,Y,Y,Existing or more than 2 years old,Anchorage,ANCHORAGE,AK,99503-4129,AK-,157.0,722511.0,White,Not Hispanic or Latino,1.0,1999996.0,,,,,,Limited  Liability Company(LLC),116975,Northrim Bank,ANCHORAGE,AK,Male Owned,Non-Veteran,,2014356.16,10/22/2021
88,88,5805988710,04/03/2021,1084,PPS,FILM-ON PRODUCTIONS LIMITED LIABILITY,1317 W Northern Lights Blvd Ste 8,Anchorage,AK,99503-2399,12/10/2021,Paid in Full,60,100,2000000.0,2000000.0,0.0,,116975,Northrim Bank,3111 'C' St,ANCHORAGE,AK,99503,U,N,Y,Existing or more than 2 years old,Anchorage,ANCHORAGE,AK,99503-2399,AK-,145.0,722511.0,White,Not Hispanic or Latino,1.0,1999996.0,,,,,,Limited  Liability Company(LLC),116975,Northrim Bank,ANCHORAGE,AK,Male Owned,Non-Veteran,,2012493.15,11/22/2021
89,89,6275048401,02/10/2021,1084,PPS,MIDNIGHT MOON COMPANY INC.,6921 Brayton Dr,Anchorage,AK,99507-5601,12/04/2021,Paid in Full,60,100,2000000.0,2000000.0,0.0,,3386,First National Bank Alaska,101 W 36th Ave,ANCHORAGE,AK,99503-5904,U,N,N,Existing or more than 2 years old,Anchorage,ANCHORAGE,AK,99507-5601,AK-,226.0,722514.0,Unanswered,Unknown/NotStated,,1999999.0,,,,,,Subchapter S Corporation,3386,First National Bank Alaska,ANCHORAGE,AK,Male Owned,Unanswered,,2015287.67,11/26/2021
90,90,6542748808,04/20/2021,1084,PPS,NANA WORLEY LLC,3700 Centerpoint Dr,Anchorage,AK,99503-5800,03/08/2022,Paid in Full,60,100,2000000.0,2000000.0,0.0,,3386,First National Bank Alaska,101 W 36th Ave,ANCHORAGE,AK,99503-5904,U,Y,Y,Existing or more than 2 years old,Anchorage,ANCHORAGE,AK,99503-5800,AK-,164.0,541330.0,Unanswered,Unknown/NotStated,1.0,1999997.0,,,,,,Limited  Liability Company(LLC),3386,First National Bank Alaska,ANCHORAGE,AK,Unanswered,Unanswered,,2015945.21,02/09/2022
91,91,6744978805,04/20/2021,1084,PPS,"ALASKA TRAVEL ADVENTURES, INC.",9085 Glacier Hwy Ste 301,Juneau,AK,99801-8093,,Exemption 4,60,100,2000000.0,2000000.0,0.0,,56102,KeyBank National Association,127 Public Sq,CLEVELAND,OH,44114-1217,U,Y,N,Existing or more than 2 years old,Juneau,JUNEAU,AK,99801-8093,AK-,271.0,721211.0,Unanswered,Unknown/NotStated,1.0,1999995.0,,,,,,Corporation,56102,KeyBank National Association,CLEVELAND,OH,Male Owned,Veteran,,1362449.2,01/03/2023
92,92,7761098503,03/06/2021,1084,PPS,NORTHERN HOSPITALITY GROUP INC,645 W 3rd Ave,Anchorage,AK,99501-2174,07/11/2023,Paid in Full,60,100,2000000.0,2000000.0,0.0,,116975,Northrim Bank,3111 'C' St,ANCHORAGE,AK,99503,U,Y,Y,Existing or more than 2 years old,Anchorage,ANCHORAGE,AK,99501-2174,AK-,143.0,722511.0,White,Not Hispanic or Latino,1.0,1999995.0,,,,,,Subchapter S Corporation,116975,Northrim Bank,ANCHORAGE,AK,Male Owned,Non-Veteran,,2040957.09,05/23/2023
93,93,8143498600,03/24/2021,1084,PPS,AHTNA' T'AENE NENE',Mile 111.5 Richardson Highway,Copper Center,AK,99573,08/02/2022,Paid in Full,60,100,2000000.0,2000000.0,0.0,,3386,First National Bank Alaska,101 W 36th Ave,ANCHORAGE,AK,99503-5904,R,Y,Y,Existing or more than 2 years old,Copper Center,Copper River,AK,99573,AK-,142.0,621498.0,Unanswered,Unknown/NotStated,,2000000.0,,,,,,Non-Profit Organization,3386,First National Bank Alaska,ANCHORAGE,AK,Unanswered,Unanswered,Y,2025698.63,07/21/2022
94,94,9231548302,01/30/2021,1084,PPS,COPPER RIVER SEAFOODS INC.,1118 E 5th Ave,Anchorage,AK,99501-2759,01/13/2023,Paid in Full,60,100,2000000.0,2000000.0,0.0,,119918,East West Bank,"135 N Los Robles Ave, 7th Fl",PASADENA,CA,91101-4525,U,N,Y,Existing or more than 2 years old,Anchorage,ANCHORAGE,AK,99501-2759,AK-,236.0,311710.0,Unanswered,Unknown/NotStated,1.0,1999998.0,,,,,,Corporation,119918,East West Bank,PASADENA,CA,Unanswered,Unanswered,,2037555.56,12/12/2022
95,95,2126508308,01/20/2021,1084,PPS,FAIRWEATHER LLC,301 Calista Ct,Anchorage,AK,99518-3000,11/05/2021,Paid in Full,60,100,1999987.0,1999987.0,0.0,,3386,First National Bank Alaska,101 W 36th Ave,ANCHORAGE,AK,99503-5904,U,N,N,Existing or more than 2 years old,Anchorage,ANCHORAGE,AK,99518-3000,AK-,125.0,541690.0,Unanswered,Unknown/NotStated,1.0,1999985.0,,,,,,Limited  Liability Company(LLC),3386,First National Bank Alaska,ANCHORAGE,AK,Unanswered,Unanswered,,2014178.69,10/19/2021
96,96,1624607207,04/15/2020,1084,PPP,THE ARC OF ANCHORAGE,2211 Arca Dr.,Anchorage,AK,99508,07/20/2021,Paid in Full,24,100,1991700.0,1991700.0,0.0,,116975,Northrim Bank,3111 'C' St,ANCHORAGE,AK,99503,U,N,N,Existing or more than 2 years old,Anchorage,ANCHORAGE,AK,99508-0002,AK-,229.0,623210.0,Unanswered,Unknown/NotStated,,1991700.0,,,,,,Non-Profit Organization,116975,Northrim Bank,ANCHORAGE,AK,Unanswered,Unanswered,Y,2014181.65,06/11/2021
97,97,7467618405,02/12/2021,1084,PPS,THE ARC OF ANCHORAGE,2211 Arca Dr,Anchorage,AK,99508-3462,11/06/2021,Paid in Full,60,100,1991700.0,1991700.0,0.0,,116975,Northrim Bank,3111 'C' St,ANCHORAGE,AK,99503,U,N,N,Existing or more than 2 years old,Anchorage,ANCHORAGE,AK,99508-3462,AK-,221.0,624190.0,Unanswered,Unknown/NotStated,1.0,1991697.0,,,,,,Non-Profit Organization,116975,Northrim Bank,ANCHORAGE,AK,Unanswered,Unanswered,Y,2005068.95,10/25/2021
98,98,4947078306,01/23/2021,1084,PPS,SAMSON ELECTRIC INC.,3125 N Van Horn Rd,Fairbanks,AK,99701-7321,11/19/2021,Paid in Full,60,100,1991300.0,1991300.0,0.0,,56102,KeyBank National Association,127 Public Sq,CLEVELAND,OH,44114-1217,R,Y,N,Existing or more than 2 years old,Fairbanks,FAIRBANKS NORTH STAR,AK,99701-7321,AK-,93.0,238210.0,Unanswered,Unknown/NotStated,,1991300.0,,,,,,Subchapter S Corporation,56102,KeyBank National Association,CLEVELAND,OH,Unanswered,Unanswered,,2005648.27,10/25/2021
99,99,6176027110,04/14/2020,1084,PPP,"SAMSON ELECTRIC, INC",3125 N. Van Horn Rd,FAIRBANKS,AK,99701,06/24/2021,Paid in Full,24,100,1991300.0,1991300.0,0.0,,56102,KeyBank National Association,127 Public Sq,CLEVELAND,OH,44114-1217,R,Y,N,Unanswered,FAIRBANKS,FAIRBANKS NORTH STAR,AK,99701-1401,AK-,88.0,238210.0,Unanswered,Unknown/NotStated,,1991300.0,,,,,,Subchapter S Corporation,56102,KeyBank National Association,CLEVELAND,OH,Unanswered,Unanswered,,2012740.57,05/21/2021
